"id","moral_concern","beautiful","similar","utility","vulnerable","trust","identity_allbeings","gender","age","pet_childhood","conservative","religious","education","income","moral_concern.1","sentience","agency","socog","harmful","util_ib","util_ih","empathy_pt","empathy_ec","empathy_pd","moralfound_care","moralfound_fair","moralfound_lib","moralfound_aut","moralfound_ing","moralfound_pur","aot","moraldisgust","hexaco_hh","hexaco_emo","hexaco_ex","hexaco_ag","hexaco_con","hexaco_op","rwa","sdo"
23,6,5,5,5,2,8,2.75,"male",41,4,3,0,2,3,6,7,6,5,6,2.8,3,6.14285714285714,5.57142857142857,2.42857142857143,3.66666666666667,3,3,2.33333333333333,2.66666666666667,4.33333333333333,6.07692307692308,3.57142857142857,5.5,4.75,6,4.25,5.5,5,2.33333333333333,1
23,5.66666666666667,6,2,5,6,8,2.75,"male",41,4,3,0,2,3,5.66666666666667,2.66666666666667,3.33333333333333,2,5.5,2.8,3,6.14285714285714,5.57142857142857,2.42857142857143,3.66666666666667,3,3,2.33333333333333,2.66666666666667,4.33333333333333,6.07692307692308,3.57142857142857,5.5,4.75,6,4.25,5.5,5,2.33333333333333,1
23,6,4,3,6,7,8,2.75,"male",41,4,3,0,2,3,6,7,6.33333333333333,6,2,2.8,3,6.14285714285714,5.57142857142857,2.42857142857143,3.66666666666667,3,3,2.33333333333333,2.66666666666667,4.33333333333333,6.07692307692308,3.57142857142857,5.5,4.75,6,4.25,5.5,5,2.33333333333333,1
23,6,4,6,6,4,8,2.75,"male",41,4,3,0,2,3,6,7,6.33333333333333,6,5,2.8,3,6.14285714285714,5.57142857142857,2.42857142857143,3.66666666666667,3,3,2.33333333333333,2.66666666666667,4.33333333333333,6.07692307692308,3.57142857142857,5.5,4.75,6,4.25,5.5,5,2.33333333333333,1
23,6,4,5,2,4,8,2.75,"male",41,4,3,0,2,3,6,7,6,6,4,2.8,3,6.14285714285714,5.57142857142857,2.42857142857143,3.66666666666667,3,3,2.33333333333333,2.66666666666667,4.33333333333333,6.07692307692308,3.57142857142857,5.5,4.75,6,4.25,5.5,5,2.33333333333333,1
23,6,5,2,6,6,8,2.75,"male",41,4,3,0,2,3,6,6.66666666666667,5.66666666666667,2,3.5,2.8,3,6.14285714285714,5.57142857142857,2.42857142857143,3.66666666666667,3,3,2.33333333333333,2.66666666666667,4.33333333333333,6.07692307692308,3.57142857142857,5.5,4.75,6,4.25,5.5,5,2.33333333333333,1
23,6,6,2,4,6,8,2.75,"male",41,4,3,0,2,3,6,6.66666666666667,5.66666666666667,2,2.5,2.8,3,6.14285714285714,5.57142857142857,2.42857142857143,3.66666666666667,3,3,2.33333333333333,2.66666666666667,4.33333333333333,6.07692307692308,3.57142857142857,5.5,4.75,6,4.25,5.5,5,2.33333333333333,1
23,6,4,5,7,4,8,2.75,"male",41,4,3,0,2,3,6,7,6.33333333333333,6,1.5,2.8,3,6.14285714285714,5.57142857142857,2.42857142857143,3.66666666666667,3,3,2.33333333333333,2.66666666666667,4.33333333333333,6.07692307692308,3.57142857142857,5.5,4.75,6,4.25,5.5,5,2.33333333333333,1
23,6,6,2,5,2,8,2.75,"male",41,4,3,0,2,3,6,7,6,2.66666666666667,6,2.8,3,6.14285714285714,5.57142857142857,2.42857142857143,3.66666666666667,3,3,2.33333333333333,2.66666666666667,4.33333333333333,6.07692307692308,3.57142857142857,5.5,4.75,6,4.25,5.5,5,2.33333333333333,1
23,3,4,1,5,1,8,2.75,"male",41,4,3,0,2,3,3,1,4,2.33333333333333,4,2.8,3,6.14285714285714,5.57142857142857,2.42857142857143,3.66666666666667,3,3,2.33333333333333,2.66666666666667,4.33333333333333,6.07692307692308,3.57142857142857,5.5,4.75,6,4.25,5.5,5,2.33333333333333,1
10,5.66666666666667,6,4,4,6,4,2.25,"female",63,3,1,0,2,3,5.66666666666667,5.66666666666667,5.66666666666667,2,6,5.6,2.75,4.57142857142857,5.85714285714286,4.14285714285714,3,3.66666666666667,3,2,1.66666666666667,2.66666666666667,5.53846153846154,4,5,5,3.75,4.75,3,6,1.66666666666667,1.625
10,6,3,6,5,7,4,2.25,"female",63,3,1,0,2,3,6,6,5.66666666666667,5.33333333333333,3,5.6,2.75,4.57142857142857,5.85714285714286,4.14285714285714,3,3.66666666666667,3,2,1.66666666666667,2.66666666666667,5.53846153846154,4,5,5,3.75,4.75,3,6,1.66666666666667,1.625
10,6,3,5,3,7,4,2.25,"female",63,3,1,0,2,3,6,3.66666666666667,3.33333333333333,2,2,5.6,2.75,4.57142857142857,5.85714285714286,4.14285714285714,3,3.66666666666667,3,2,1.66666666666667,2.66666666666667,5.53846153846154,4,5,5,3.75,4.75,3,6,1.66666666666667,1.625
10,4.66666666666667,4,4,5,5,4,2.25,"female",63,3,1,0,2,3,4.66666666666667,5.33333333333333,5,2.33333333333333,4,5.6,2.75,4.57142857142857,5.85714285714286,4.14285714285714,3,3.66666666666667,3,2,1.66666666666667,2.66666666666667,5.53846153846154,4,5,5,3.75,4.75,3,6,1.66666666666667,1.625
10,4.66666666666667,4,4,5,5,4,2.25,"female",63,3,1,0,2,3,4.66666666666667,4.66666666666667,3.66666666666667,2.33333333333333,3.5,5.6,2.75,4.57142857142857,5.85714285714286,4.14285714285714,3,3.66666666666667,3,2,1.66666666666667,2.66666666666667,5.53846153846154,4,5,5,3.75,4.75,3,6,1.66666666666667,1.625
10,4.66666666666667,4,6,5,5,4,2.25,"female",63,3,1,0,2,3,4.66666666666667,6,6.33333333333333,4.66666666666667,5,5.6,2.75,4.57142857142857,5.85714285714286,4.14285714285714,3,3.66666666666667,3,2,1.66666666666667,2.66666666666667,5.53846153846154,4,5,5,3.75,4.75,3,6,1.66666666666667,1.625
10,4,3,5,3,5,4,2.25,"female",63,3,1,0,2,3,4,3.33333333333333,2,2,2,5.6,2.75,4.57142857142857,5.85714285714286,4.14285714285714,3,3.66666666666667,3,2,1.66666666666667,2.66666666666667,5.53846153846154,4,5,5,3.75,4.75,3,6,1.66666666666667,1.625
10,6,4,6,6,7,4,2.25,"female",63,3,1,0,2,3,6,6,6.33333333333333,6,2.5,5.6,2.75,4.57142857142857,5.85714285714286,4.14285714285714,3,3.66666666666667,3,2,1.66666666666667,2.66666666666667,5.53846153846154,4,5,5,3.75,4.75,3,6,1.66666666666667,1.625
10,6,5,4,5,6,4,2.25,"female",63,3,1,0,2,3,6,5.66666666666667,6.66666666666667,3.66666666666667,5,5.6,2.75,4.57142857142857,5.85714285714286,4.14285714285714,3,3.66666666666667,3,2,1.66666666666667,2.66666666666667,5.53846153846154,4,5,5,3.75,4.75,3,6,1.66666666666667,1.625
10,5.66666666666667,4,6,4,5,4,2.25,"female",63,3,1,0,2,3,5.66666666666667,6,6.33333333333333,5.33333333333333,4.5,5.6,2.75,4.57142857142857,5.85714285714286,4.14285714285714,3,3.66666666666667,3,2,1.66666666666667,2.66666666666667,5.53846153846154,4,5,5,3.75,4.75,3,6,1.66666666666667,1.625
4,5.66666666666667,6,5,5,6,4,2.75,"female",62,2,1,0,2,2,5.66666666666667,3.66666666666667,3.33333333333333,2,2,4.2,3.75,4.42857142857143,4.14285714285714,3.85714285714286,4.33333333333333,4,4.33333333333333,3.33333333333333,3,3.33333333333333,4.92307692307692,5,4,4.25,4.5,3.75,5,4.25,2,2.125
4,5.66666666666667,4,5,4,6,4,2.75,"female",62,2,1,0,2,2,5.66666666666667,4.33333333333333,4.33333333333333,2.33333333333333,2.5,4.2,3.75,4.42857142857143,4.14285714285714,3.85714285714286,4.33333333333333,4,4.33333333333333,3.33333333333333,3,3.33333333333333,4.92307692307692,5,4,4.25,4.5,3.75,5,4.25,2,2.125
4,6,4,7,6,6,4,2.75,"female",62,2,1,0,2,2,6,6,6,6,3.5,4.2,3.75,4.42857142857143,4.14285714285714,3.85714285714286,4.33333333333333,4,4.33333333333333,3.33333333333333,3,3.33333333333333,4.92307692307692,5,4,4.25,4.5,3.75,5,4.25,2,2.125
4,6,4,7,6,6,4,2.75,"female",62,2,1,0,2,2,6,6,6,6,4,4.2,3.75,4.42857142857143,4.14285714285714,3.85714285714286,4.33333333333333,4,4.33333333333333,3.33333333333333,3,3.33333333333333,4.92307692307692,5,4,4.25,4.5,3.75,5,4.25,2,2.125
4,6,6,5,6,6,4,2.75,"female",62,2,1,0,2,2,6,2.66666666666667,2.66666666666667,2,2,4.2,3.75,4.42857142857143,4.14285714285714,3.85714285714286,4.33333333333333,4,4.33333333333333,3.33333333333333,3,3.33333333333333,4.92307692307692,5,4,4.25,4.5,3.75,5,4.25,2,2.125
4,6,4,7,6,6,4,2.75,"female",62,2,1,0,2,2,6,6,5.33333333333333,5.33333333333333,5.5,4.2,3.75,4.42857142857143,4.14285714285714,3.85714285714286,4.33333333333333,4,4.33333333333333,3.33333333333333,3,3.33333333333333,4.92307692307692,5,4,4.25,4.5,3.75,5,4.25,2,2.125
4,6,4,5,5,6,4,2.75,"female",62,2,1,0,2,2,6,4.33333333333333,4.33333333333333,2.33333333333333,2,4.2,3.75,4.42857142857143,4.14285714285714,3.85714285714286,4.33333333333333,4,4.33333333333333,3.33333333333333,3,3.33333333333333,4.92307692307692,5,4,4.25,4.5,3.75,5,4.25,2,2.125
4,4,3,4,4,6,4,2.75,"female",62,2,1,0,2,2,4,3.33333333333333,3,2,3,4.2,3.75,4.42857142857143,4.14285714285714,3.85714285714286,4.33333333333333,4,4.33333333333333,3.33333333333333,3,3.33333333333333,4.92307692307692,5,4,4.25,4.5,3.75,5,4.25,2,2.125
4,5.66666666666667,4,5,5,6,4,2.75,"female",62,2,1,0,2,2,5.66666666666667,4.33333333333333,4.33333333333333,2.33333333333333,2,4.2,3.75,4.42857142857143,4.14285714285714,3.85714285714286,4.33333333333333,4,4.33333333333333,3.33333333333333,3,3.33333333333333,4.92307692307692,5,4,4.25,4.5,3.75,5,4.25,2,2.125
4,5.66666666666667,4,5,5,6,4,2.75,"female",62,2,1,0,2,2,5.66666666666667,4,3.33333333333333,2,2,4.2,3.75,4.42857142857143,4.14285714285714,3.85714285714286,4.33333333333333,4,4.33333333333333,3.33333333333333,3,3.33333333333333,4.92307692307692,5,4,4.25,4.5,3.75,5,4.25,2,2.125
38,4.66666666666667,2,2,5,2,4,1.5,"male",39,2,4,0,3,4,4.66666666666667,1,3.66666666666667,3,1.5,2.8,3.25,5.28571428571429,5.57142857142857,2.42857142857143,4,4.33333333333333,3.33333333333333,2.33333333333333,2.33333333333333,3.66666666666667,5.69230769230769,4,5.75,3,3.75,4.75,4.25,3.25,2.33333333333333,3
38,5.33333333333333,2,2,6,4,4,1.5,"male",39,2,4,0,3,4,5.33333333333333,5,4.33333333333333,1.33333333333333,1.5,2.8,3.25,5.28571428571429,5.57142857142857,2.42857142857143,4,4.33333333333333,3.33333333333333,2.33333333333333,2.33333333333333,3.66666666666667,5.69230769230769,4,5.75,3,3.75,4.75,4.25,3.25,2.33333333333333,3
38,4.66666666666667,1,1,1,4,4,1.5,"male",39,2,4,0,3,4,4.66666666666667,1.66666666666667,1.33333333333333,1,1,2.8,3.25,5.28571428571429,5.57142857142857,2.42857142857143,4,4.33333333333333,3.33333333333333,2.33333333333333,2.33333333333333,3.66666666666667,5.69230769230769,4,5.75,3,3.75,4.75,4.25,3.25,2.33333333333333,3
38,5,3,1,1,2,4,1.5,"male",39,2,4,0,3,4,5,5,3.66666666666667,1.33333333333333,2.5,2.8,3.25,5.28571428571429,5.57142857142857,2.42857142857143,4,4.33333333333333,3.33333333333333,2.33333333333333,2.33333333333333,3.66666666666667,5.69230769230769,4,5.75,3,3.75,4.75,4.25,3.25,2.33333333333333,3
38,5.33333333333333,4,1,6,4,4,1.5,"male",39,2,4,0,3,4,5.33333333333333,1,1,1,1,2.8,3.25,5.28571428571429,5.57142857142857,2.42857142857143,4,4.33333333333333,3.33333333333333,2.33333333333333,2.33333333333333,3.66666666666667,5.69230769230769,4,5.75,3,3.75,4.75,4.25,3.25,2.33333333333333,3
38,3.66666666666667,2,2,6,3,4,1.5,"male",39,2,4,0,3,4,3.66666666666667,1,3,1,1,2.8,3.25,5.28571428571429,5.57142857142857,2.42857142857143,4,4.33333333333333,3.33333333333333,2.33333333333333,2.33333333333333,3.66666666666667,5.69230769230769,4,5.75,3,3.75,4.75,4.25,3.25,2.33333333333333,3
38,5.66666666666667,2,3,2,6,4,1.5,"male",39,2,4,0,3,4,5.66666666666667,5.66666666666667,5,5.33333333333333,1,2.8,3.25,5.28571428571429,5.57142857142857,2.42857142857143,4,4.33333333333333,3.33333333333333,2.33333333333333,2.33333333333333,3.66666666666667,5.69230769230769,4,5.75,3,3.75,4.75,4.25,3.25,2.33333333333333,3
38,2,2,1,1,2,4,1.5,"male",39,2,4,0,3,4,2,1,1.66666666666667,1,1,2.8,3.25,5.28571428571429,5.57142857142857,2.42857142857143,4,4.33333333333333,3.33333333333333,2.33333333333333,2.33333333333333,3.66666666666667,5.69230769230769,4,5.75,3,3.75,4.75,4.25,3.25,2.33333333333333,3
38,4.33333333333333,3,2,1,2,4,1.5,"male",39,2,4,0,3,4,4.33333333333333,6,5.33333333333333,5.33333333333333,6,2.8,3.25,5.28571428571429,5.57142857142857,2.42857142857143,4,4.33333333333333,3.33333333333333,2.33333333333333,2.33333333333333,3.66666666666667,5.69230769230769,4,5.75,3,3.75,4.75,4.25,3.25,2.33333333333333,3
38,4,1,1,2,3,4,1.5,"male",39,2,4,0,3,4,4,1,2,1,1,2.8,3.25,5.28571428571429,5.57142857142857,2.42857142857143,4,4.33333333333333,3.33333333333333,2.33333333333333,2.33333333333333,3.66666666666667,5.69230769230769,4,5.75,3,3.75,4.75,4.25,3.25,2.33333333333333,3
3,5.33333333333333,5,5,6,2,3,2,"female",49,0,4,0,4,7,5.33333333333333,2,4.66666666666667,4,2,2.8,2,5.57142857142857,5,4.14285714285714,3.66666666666667,4.33333333333333,3.66666666666667,2,3.33333333333333,4.33333333333333,5.76923076923077,4.71428571428571,6.5,4.25,4.25,3,4.75,5.75,3.5,4
3,7,5,5,5,7,3,2,"female",49,0,4,0,4,7,7,6.66666666666667,5.33333333333333,6,2,2.8,2,5.57142857142857,5,4.14285714285714,3.66666666666667,4.33333333333333,3.66666666666667,2,3.33333333333333,4.33333333333333,5.76923076923077,4.71428571428571,6.5,4.25,4.25,3,4.75,5.75,3.5,4
3,6,3,3,5,6,3,2,"female",49,0,4,0,4,7,6,5.66666666666667,5,2.66666666666667,4.5,2.8,2,5.57142857142857,5,4.14285714285714,3.66666666666667,4.33333333333333,3.66666666666667,2,3.33333333333333,4.33333333333333,5.76923076923077,4.71428571428571,6.5,4.25,4.25,3,4.75,5.75,3.5,4
3,6,2,3,3,5,3,2,"female",49,0,4,0,4,7,6,5.66666666666667,5.33333333333333,2.66666666666667,4.5,2.8,2,5.57142857142857,5,4.14285714285714,3.66666666666667,4.33333333333333,3.66666666666667,2,3.33333333333333,4.33333333333333,5.76923076923077,4.71428571428571,6.5,4.25,4.25,3,4.75,5.75,3.5,4
3,3,5,2,6,2,3,2,"female",49,0,4,0,4,7,3,2,3.33333333333333,2,2,2.8,2,5.57142857142857,5,4.14285714285714,3.66666666666667,4.33333333333333,3.66666666666667,2,3.33333333333333,4.33333333333333,5.76923076923077,4.71428571428571,6.5,4.25,4.25,3,4.75,5.75,3.5,4
3,5.66666666666667,7,2,2,5,3,2,"female",49,0,4,0,4,7,5.66666666666667,3.33333333333333,3.33333333333333,2,2,2.8,2,5.57142857142857,5,4.14285714285714,3.66666666666667,4.33333333333333,3.66666666666667,2,3.33333333333333,4.33333333333333,5.76923076923077,4.71428571428571,6.5,4.25,4.25,3,4.75,5.75,3.5,4
3,2,2,2,2,2,3,2,"female",49,0,4,0,4,7,2,2,2,2,5,2.8,2,5.57142857142857,5,4.14285714285714,3.66666666666667,4.33333333333333,3.66666666666667,2,3.33333333333333,4.33333333333333,5.76923076923077,4.71428571428571,6.5,4.25,4.25,3,4.75,5.75,3.5,4
3,6,7,3,5,5,3,2,"female",49,0,4,0,4,7,6,2,2.33333333333333,2,2,2.8,2,5.57142857142857,5,4.14285714285714,3.66666666666667,4.33333333333333,3.66666666666667,2,3.33333333333333,4.33333333333333,5.76923076923077,4.71428571428571,6.5,4.25,4.25,3,4.75,5.75,3.5,4
3,5.33333333333333,4,5,6,2,3,2,"female",49,0,4,0,4,7,5.33333333333333,2,5.66666666666667,4,2,2.8,2,5.57142857142857,5,4.14285714285714,3.66666666666667,4.33333333333333,3.66666666666667,2,3.33333333333333,4.33333333333333,5.76923076923077,4.71428571428571,6.5,4.25,4.25,3,4.75,5.75,3.5,4
3,5.66666666666667,6,2,5,5,3,2,"female",49,0,4,0,4,7,5.66666666666667,4.33333333333333,4,2,2,2.8,2,5.57142857142857,5,4.14285714285714,3.66666666666667,4.33333333333333,3.66666666666667,2,3.33333333333333,4.33333333333333,5.76923076923077,4.71428571428571,6.5,4.25,4.25,3,4.75,5.75,3.5,4
37,6.33333333333333,6,5,6,7,8,2.5,NA,37,4,1,0,2,3,6.33333333333333,7,6.33333333333333,3.33333333333333,4,2.6,2.25,6,5.57142857142857,3.57142857142857,4,3.33333333333333,4,1.66666666666667,2,2.33333333333333,5.69230769230769,4,4.75,4,5.25,3.75,4.5,7,2.33333333333333,1.25
37,7,6,5,6,7,8,2.5,NA,37,4,1,0,2,3,7,7,6,2.33333333333333,1.5,2.6,2.25,6,5.57142857142857,3.57142857142857,4,3.33333333333333,4,1.66666666666667,2,2.33333333333333,5.69230769230769,4,4.75,4,5.25,3.75,4.5,7,2.33333333333333,1.25
37,4,4,2,6,5,8,2.5,NA,37,4,1,0,2,3,4,1,1.66666666666667,1,1,2.6,2.25,6,5.57142857142857,3.57142857142857,4,3.33333333333333,4,1.66666666666667,2,2.33333333333333,5.69230769230769,4,4.75,4,5.25,3.75,4.5,7,2.33333333333333,1.25
37,6,4,3,2,5,8,2.5,NA,37,4,1,0,2,3,6,7,6.66666666666667,6.66666666666667,4,2.6,2.25,6,5.57142857142857,3.57142857142857,4,3.33333333333333,4,1.66666666666667,2,2.33333333333333,5.69230769230769,4,4.75,4,5.25,3.75,4.5,7,2.33333333333333,1.25
37,6,4,5,4,7,8,2.5,NA,37,4,1,0,2,3,6,7,6.66666666666667,7,4,2.6,2.25,6,5.57142857142857,3.57142857142857,4,3.33333333333333,4,1.66666666666667,2,2.33333333333333,5.69230769230769,4,4.75,4,5.25,3.75,4.5,7,2.33333333333333,1.25
37,6,4,5,4,6,8,2.5,NA,37,4,1,0,2,3,6,7,6.66666666666667,7,4,2.6,2.25,6,5.57142857142857,3.57142857142857,4,3.33333333333333,4,1.66666666666667,2,2.33333333333333,5.69230769230769,4,4.75,4,5.25,3.75,4.5,7,2.33333333333333,1.25
37,6,4,6,4,6,8,2.5,NA,37,4,1,0,2,3,6,7,6.66666666666667,7,4,2.6,2.25,6,5.57142857142857,3.57142857142857,4,3.33333333333333,4,1.66666666666667,2,2.33333333333333,5.69230769230769,4,4.75,4,5.25,3.75,4.5,7,2.33333333333333,1.25
37,4,4,2,1,1,8,2.5,NA,37,4,1,0,2,3,4,1,5,1,4,2.6,2.25,6,5.57142857142857,3.57142857142857,4,3.33333333333333,4,1.66666666666667,2,2.33333333333333,5.69230769230769,4,4.75,4,5.25,3.75,4.5,7,2.33333333333333,1.25
37,4,6,2,1,5,8,2.5,NA,37,4,1,0,2,3,4,3,1.33333333333333,1,1.5,2.6,2.25,6,5.57142857142857,3.57142857142857,4,3.33333333333333,4,1.66666666666667,2,2.33333333333333,5.69230769230769,4,4.75,4,5.25,3.75,4.5,7,2.33333333333333,1.25
37,6,4,5,4,6,8,2.5,NA,37,4,1,0,2,3,6,7,6.66666666666667,7,4,2.6,2.25,6,5.57142857142857,3.57142857142857,4,3.33333333333333,4,1.66666666666667,2,2.33333333333333,5.69230769230769,4,4.75,4,5.25,3.75,4.5,7,2.33333333333333,1.25
32,6,5,1,2,6,3,1.25,"female",48,3,6,0,2,1,6,6.66666666666667,6.33333333333333,3,2,4,1.5,6.14285714285714,6.14285714285714,4.57142857142857,4.66666666666667,4,4,3.66666666666667,4,5,4.23076923076923,1.71428571428571,5.5,6.25,4.5,3.5,4.75,5.25,4.83333333333333,2.625
32,4.66666666666667,4,1,1,5,3,1.25,"female",48,3,6,0,2,1,4.66666666666667,7,7,6.66666666666667,4,4,1.5,6.14285714285714,6.14285714285714,4.57142857142857,4.66666666666667,4,4,3.66666666666667,4,5,4.23076923076923,1.71428571428571,5.5,6.25,4.5,3.5,4.75,5.25,4.83333333333333,2.625
32,7,4,1,2,7,3,1.25,"female",48,3,6,0,2,1,7,7,6.33333333333333,5.33333333333333,5,4,1.5,6.14285714285714,6.14285714285714,4.57142857142857,4.66666666666667,4,4,3.66666666666667,4,5,4.23076923076923,1.71428571428571,5.5,6.25,4.5,3.5,4.75,5.25,4.83333333333333,2.625
32,2.66666666666667,4,1,1,2,3,1.25,"female",48,3,6,0,2,1,2.66666666666667,7,7,5.33333333333333,3.5,4,1.5,6.14285714285714,6.14285714285714,4.57142857142857,4.66666666666667,4,4,3.66666666666667,4,5,4.23076923076923,1.71428571428571,5.5,6.25,4.5,3.5,4.75,5.25,4.83333333333333,2.625
32,5.66666666666667,2,1,2,6,3,1.25,"female",48,3,6,0,2,1,5.66666666666667,6.66666666666667,6.33333333333333,3.33333333333333,3,4,1.5,6.14285714285714,6.14285714285714,4.57142857142857,4.66666666666667,4,4,3.66666666666667,4,5,4.23076923076923,1.71428571428571,5.5,6.25,4.5,3.5,4.75,5.25,4.83333333333333,2.625
32,7,4,5,7,4,3,1.25,"female",48,3,6,0,2,1,7,7,7,6.66666666666667,1,4,1.5,6.14285714285714,6.14285714285714,4.57142857142857,4.66666666666667,4,4,3.66666666666667,4,5,4.23076923076923,1.71428571428571,5.5,6.25,4.5,3.5,4.75,5.25,4.83333333333333,2.625
32,5.66666666666667,5,1,2,6,3,1.25,"female",48,3,6,0,2,1,5.66666666666667,6.66666666666667,6,3,6,4,1.5,6.14285714285714,6.14285714285714,4.57142857142857,4.66666666666667,4,4,3.66666666666667,4,5,4.23076923076923,1.71428571428571,5.5,6.25,4.5,3.5,4.75,5.25,4.83333333333333,2.625
32,5.66666666666667,4,1,2,4,3,1.25,"female",48,3,6,0,2,1,5.66666666666667,7,7,6.66666666666667,3.5,4,1.5,6.14285714285714,6.14285714285714,4.57142857142857,4.66666666666667,4,4,3.66666666666667,4,5,4.23076923076923,1.71428571428571,5.5,6.25,4.5,3.5,4.75,5.25,4.83333333333333,2.625
32,5.66666666666667,4,1,2,4,3,1.25,"female",48,3,6,0,2,1,5.66666666666667,7,7,6,4,4,1.5,6.14285714285714,6.14285714285714,4.57142857142857,4.66666666666667,4,4,3.66666666666667,4,5,4.23076923076923,1.71428571428571,5.5,6.25,4.5,3.5,4.75,5.25,4.83333333333333,2.625
32,6.33333333333333,5,1,6,6,3,1.25,"female",48,3,6,0,2,1,6.33333333333333,7,6.66666666666667,5.33333333333333,5,4,1.5,6.14285714285714,6.14285714285714,4.57142857142857,4.66666666666667,4,4,3.66666666666667,4,5,4.23076923076923,1.71428571428571,5.5,6.25,4.5,3.5,4.75,5.25,4.83333333333333,2.625
15,4.33333333333333,7,2,7,3,5,2.75,"female",51,0,6,1,4,2,4.33333333333333,1.33333333333333,2,1,2,3.4,3.5,5.28571428571429,5.42857142857143,3.28571428571429,4.33333333333333,3.33333333333333,3,3,2,5,5.23076923076923,4.57142857142857,4.75,2.75,5,4.75,5.25,4.75,6,4.375
15,5.33333333333333,5,3,6,6,5,2.75,"female",51,0,6,1,4,2,5.33333333333333,6,5.33333333333333,2,2.5,3.4,3.5,5.28571428571429,5.42857142857143,3.28571428571429,4.33333333333333,3.33333333333333,3,3,2,5,5.23076923076923,4.57142857142857,4.75,2.75,5,4.75,5.25,4.75,6,4.375
15,5,6,2,7,5,5,2.75,"female",51,0,6,1,4,2,5,1.33333333333333,2,1,2,3.4,3.5,5.28571428571429,5.42857142857143,3.28571428571429,4.33333333333333,3.33333333333333,3,3,2,5,5.23076923076923,4.57142857142857,4.75,2.75,5,4.75,5.25,4.75,6,4.375
15,6.66666666666667,4,5,7,2,5,2.75,"female",51,0,6,1,4,2,6.66666666666667,7,7,7,4,3.4,3.5,5.28571428571429,5.42857142857143,3.28571428571429,4.33333333333333,3.33333333333333,3,3,2,5,5.23076923076923,4.57142857142857,4.75,2.75,5,4.75,5.25,4.75,6,4.375
15,5,2,2,6,7,5,2.75,"female",51,0,6,1,4,2,5,5.33333333333333,4.66666666666667,2,2,3.4,3.5,5.28571428571429,5.42857142857143,3.28571428571429,4.33333333333333,3.33333333333333,3,3,2,5,5.23076923076923,4.57142857142857,4.75,2.75,5,4.75,5.25,4.75,6,4.375
15,5.33333333333333,6,3,6,7,5,2.75,"female",51,0,6,1,4,2,5.33333333333333,5.33333333333333,5.33333333333333,2,2,3.4,3.5,5.28571428571429,5.42857142857143,3.28571428571429,4.33333333333333,3.33333333333333,3,3,2,5,5.23076923076923,4.57142857142857,4.75,2.75,5,4.75,5.25,4.75,6,4.375
15,6.66666666666667,4,5,7,6,5,2.75,"female",51,0,6,1,4,2,6.66666666666667,7,7,7,4,3.4,3.5,5.28571428571429,5.42857142857143,3.28571428571429,4.33333333333333,3.33333333333333,3,3,2,5,5.23076923076923,4.57142857142857,4.75,2.75,5,4.75,5.25,4.75,6,4.375
15,6.66666666666667,4,5,7,3,5,2.75,"female",51,0,6,1,4,2,6.66666666666667,7,7,7,4,3.4,3.5,5.28571428571429,5.42857142857143,3.28571428571429,4.33333333333333,3.33333333333333,3,3,2,5,5.23076923076923,4.57142857142857,4.75,2.75,5,4.75,5.25,4.75,6,4.375
15,7,7,6,7,7,5,2.75,"female",51,0,6,1,4,2,7,7,6.33333333333333,2.66666666666667,5,3.4,3.5,5.28571428571429,5.42857142857143,3.28571428571429,4.33333333333333,3.33333333333333,3,3,2,5,5.23076923076923,4.57142857142857,4.75,2.75,5,4.75,5.25,4.75,6,4.375
15,3.33333333333333,5,1,7,5,5,2.75,"female",51,0,6,1,4,2,3.33333333333333,1,7,1,2,3.4,3.5,5.28571428571429,5.42857142857143,3.28571428571429,4.33333333333333,3.33333333333333,3,3,2,5,5.23076923076923,4.57142857142857,4.75,2.75,5,4.75,5.25,4.75,6,4.375
11,5.66666666666667,5,2,4,4,8,2.75,"male",36,2,5,1,3,3,5.66666666666667,6,5.33333333333333,3,3,3.8,1.25,5.57142857142857,5.57142857142857,3.57142857142857,2.66666666666667,2.66666666666667,1.66666666666667,1.66666666666667,1.66666666666667,4.33333333333333,4.92307692307692,4.14285714285714,6,3.5,2.25,3.5,4.75,6.25,5.33333333333333,3.25
11,7,3,3,3,7,8,2.75,"male",36,2,5,1,3,3,7,5.33333333333333,3.33333333333333,2.66666666666667,2.5,3.8,1.25,5.57142857142857,5.57142857142857,3.57142857142857,2.66666666666667,2.66666666666667,1.66666666666667,1.66666666666667,1.66666666666667,4.33333333333333,4.92307692307692,4.14285714285714,6,3.5,2.25,3.5,4.75,6.25,5.33333333333333,3.25
11,6.66666666666667,4,6,6,4,8,2.75,"male",36,2,5,1,3,3,6.66666666666667,7,6.66666666666667,7,4,3.8,1.25,5.57142857142857,5.57142857142857,3.57142857142857,2.66666666666667,2.66666666666667,1.66666666666667,1.66666666666667,1.66666666666667,4.33333333333333,4.92307692307692,4.14285714285714,6,3.5,2.25,3.5,4.75,6.25,5.33333333333333,3.25
11,2.33333333333333,4,2,6,4,8,2.75,"male",36,2,5,1,3,3,2.33333333333333,1,4,4,3,3.8,1.25,5.57142857142857,5.57142857142857,3.57142857142857,2.66666666666667,2.66666666666667,1.66666666666667,1.66666666666667,1.66666666666667,4.33333333333333,4.92307692307692,4.14285714285714,6,3.5,2.25,3.5,4.75,6.25,5.33333333333333,3.25
11,5.66666666666667,5,2,4,5,8,2.75,"male",36,2,5,1,3,3,5.66666666666667,5.66666666666667,4.66666666666667,3,2,3.8,1.25,5.57142857142857,5.57142857142857,3.57142857142857,2.66666666666667,2.66666666666667,1.66666666666667,1.66666666666667,1.66666666666667,4.33333333333333,4.92307692307692,4.14285714285714,6,3.5,2.25,3.5,4.75,6.25,5.33333333333333,3.25
11,6.66666666666667,4,5,4,3,8,2.75,"male",36,2,5,1,3,3,6.66666666666667,7,6.66666666666667,7,4,3.8,1.25,5.57142857142857,5.57142857142857,3.57142857142857,2.66666666666667,2.66666666666667,1.66666666666667,1.66666666666667,1.66666666666667,4.33333333333333,4.92307692307692,4.14285714285714,6,3.5,2.25,3.5,4.75,6.25,5.33333333333333,3.25
11,5,3,4,4,5,8,2.75,"male",36,2,5,1,3,3,5,7,6.33333333333333,6.66666666666667,5,3.8,1.25,5.57142857142857,5.57142857142857,3.57142857142857,2.66666666666667,2.66666666666667,1.66666666666667,1.66666666666667,1.66666666666667,4.33333333333333,4.92307692307692,4.14285714285714,6,3.5,2.25,3.5,4.75,6.25,5.33333333333333,3.25
11,5.66666666666667,6,3,6,3,8,2.75,"male",36,2,5,1,3,3,5.66666666666667,5.66666666666667,5,3,2,3.8,1.25,5.57142857142857,5.57142857142857,3.57142857142857,2.66666666666667,2.66666666666667,1.66666666666667,1.66666666666667,1.66666666666667,4.33333333333333,4.92307692307692,4.14285714285714,6,3.5,2.25,3.5,4.75,6.25,5.33333333333333,3.25
11,5.66666666666667,6,1,5,4,8,2.75,"male",36,2,5,1,3,3,5.66666666666667,1.66666666666667,2.33333333333333,1,1,3.8,1.25,5.57142857142857,5.57142857142857,3.57142857142857,2.66666666666667,2.66666666666667,1.66666666666667,1.66666666666667,1.66666666666667,4.33333333333333,4.92307692307692,4.14285714285714,6,3.5,2.25,3.5,4.75,6.25,5.33333333333333,3.25
11,4.66666666666667,5,1,4,3,8,2.75,"male",36,2,5,1,3,3,4.66666666666667,1.66666666666667,2,1,5,3.8,1.25,5.57142857142857,5.57142857142857,3.57142857142857,2.66666666666667,2.66666666666667,1.66666666666667,1.66666666666667,1.66666666666667,4.33333333333333,4.92307692307692,4.14285714285714,6,3.5,2.25,3.5,4.75,6.25,5.33333333333333,3.25
17,7,5,7,6,7,5,3,"female",58,3,1,0,4,2,7,4,4,4,1,4.2,1,6.14285714285714,6.57142857142857,4,3.66666666666667,3,2.33333333333333,1.66666666666667,1.33333333333333,1.33333333333333,6.61538461538461,4.85714285714286,7,5.5,3.5,4.75,6.25,7,2,1
17,5,6,1,7,5,5,3,"female",58,3,1,0,4,2,5,1,5.33333333333333,1,1,4.2,1,6.14285714285714,6.57142857142857,4,3.66666666666667,3,2.33333333333333,1.66666666666667,1.33333333333333,1.33333333333333,6.61538461538461,4.85714285714286,7,5.5,3.5,4.75,6.25,7,2,1
17,7,7,5,5,6,5,3,"female",58,3,1,0,4,2,7,7,7,4,5,4.2,1,6.14285714285714,6.57142857142857,4,3.66666666666667,3,2.33333333333333,1.66666666666667,1.33333333333333,1.33333333333333,6.61538461538461,4.85714285714286,7,5.5,3.5,4.75,6.25,7,2,1
17,5,6,1,7,5,5,3,"female",58,3,1,0,4,2,5,1,6.33333333333333,2.33333333333333,1,4.2,1,6.14285714285714,6.57142857142857,4,3.66666666666667,3,2.33333333333333,1.66666666666667,1.33333333333333,1.33333333333333,6.61538461538461,4.85714285714286,7,5.5,3.5,4.75,6.25,7,2,1
17,7,7,5,5,6,5,3,"female",58,3,1,0,4,2,7,7,7,4,5,4.2,1,6.14285714285714,6.57142857142857,4,3.66666666666667,3,2.33333333333333,1.66666666666667,1.33333333333333,1.33333333333333,6.61538461538461,4.85714285714286,7,5.5,3.5,4.75,6.25,7,2,1
17,7,7,5,5,6,5,3,"female",58,3,1,0,4,2,7,7,7,4,5,4.2,1,6.14285714285714,6.57142857142857,4,3.66666666666667,3,2.33333333333333,1.66666666666667,1.33333333333333,1.33333333333333,6.61538461538461,4.85714285714286,7,5.5,3.5,4.75,6.25,7,2,1
17,7,7,7,7,6,5,3,"female",58,3,1,0,4,2,7,7,7,7,1,4.2,1,6.14285714285714,6.57142857142857,4,3.66666666666667,3,2.33333333333333,1.66666666666667,1.33333333333333,1.33333333333333,6.61538461538461,4.85714285714286,7,5.5,3.5,4.75,6.25,7,2,1
17,7,7,7,7,6,5,3,"female",58,3,1,0,4,2,7,7,7,7,1,4.2,1,6.14285714285714,6.57142857142857,4,3.66666666666667,3,2.33333333333333,1.66666666666667,1.33333333333333,1.33333333333333,6.61538461538461,4.85714285714286,7,5.5,3.5,4.75,6.25,7,2,1
17,7,7,7,7,6,5,3,"female",58,3,1,0,4,2,7,7,7,7,1,4.2,1,6.14285714285714,6.57142857142857,4,3.66666666666667,3,2.33333333333333,1.66666666666667,1.33333333333333,1.33333333333333,6.61538461538461,4.85714285714286,7,5.5,3.5,4.75,6.25,7,2,1
17,7,7,5,5,6,5,3,"female",58,3,1,0,4,2,7,5.33333333333333,6.33333333333333,4,5,4.2,1,6.14285714285714,6.57142857142857,4,3.66666666666667,3,2.33333333333333,1.66666666666667,1.33333333333333,1.33333333333333,6.61538461538461,4.85714285714286,7,5.5,3.5,4.75,6.25,7,2,1
31,4.33333333333333,5,4,5,4,4,3,"female",84,3,6,1,4,2,4.33333333333333,3.66666666666667,4,5.33333333333333,3.5,4.4,5.5,4.28571428571429,3.57142857142857,4,3,4.66666666666667,3,3.66666666666667,3,3.33333333333333,3.53846153846154,4.14285714285714,3.75,4,3.5,3.75,4.5,4.5,4.16666666666667,3.5
31,4.66666666666667,5,6,6,4,4,3,"female",84,3,6,1,4,2,4.66666666666667,5.33333333333333,4,6,6,4.4,5.5,4.28571428571429,3.57142857142857,4,3,4.66666666666667,3,3.66666666666667,3,3.33333333333333,3.53846153846154,4.14285714285714,3.75,4,3.5,3.75,4.5,4.5,4.16666666666667,3.5
31,4,6,3,3,3,4,3,"female",84,3,6,1,4,2,4,4,4,4.66666666666667,4.5,4.4,5.5,4.28571428571429,3.57142857142857,4,3,4.66666666666667,3,3.66666666666667,3,3.33333333333333,3.53846153846154,4.14285714285714,3.75,4,3.5,3.75,4.5,4.5,4.16666666666667,3.5
31,3.66666666666667,3,5,4,4,4,3,"female",84,3,6,1,4,2,3.66666666666667,5,4.33333333333333,5,3.5,4.4,5.5,4.28571428571429,3.57142857142857,4,3,4.66666666666667,3,3.66666666666667,3,3.33333333333333,3.53846153846154,4.14285714285714,3.75,4,3.5,3.75,4.5,4.5,4.16666666666667,3.5
31,4.66666666666667,6,4,5,6,4,3,"female",84,3,6,1,4,2,4.66666666666667,4.66666666666667,4.33333333333333,4.33333333333333,6,4.4,5.5,4.28571428571429,3.57142857142857,4,3,4.66666666666667,3,3.66666666666667,3,3.33333333333333,3.53846153846154,4.14285714285714,3.75,4,3.5,3.75,4.5,4.5,4.16666666666667,3.5
31,4.66666666666667,3,5,5,6,4,3,"female",84,3,6,1,4,2,4.66666666666667,4,5.33333333333333,4.33333333333333,5,4.4,5.5,4.28571428571429,3.57142857142857,4,3,4.66666666666667,3,3.66666666666667,3,3.33333333333333,3.53846153846154,4.14285714285714,3.75,4,3.5,3.75,4.5,4.5,4.16666666666667,3.5
31,4,4,5,6,5,4,3,"female",84,3,6,1,4,2,4,5.33333333333333,4.33333333333333,4.66666666666667,4.5,4.4,5.5,4.28571428571429,3.57142857142857,4,3,4.66666666666667,3,3.66666666666667,3,3.33333333333333,3.53846153846154,4.14285714285714,3.75,4,3.5,3.75,4.5,4.5,4.16666666666667,3.5
31,5.66666666666667,3,3,3,3,4,3,"female",84,3,6,1,4,2,5.66666666666667,3,4.66666666666667,5,4.5,4.4,5.5,4.28571428571429,3.57142857142857,4,3,4.66666666666667,3,3.66666666666667,3,3.33333333333333,3.53846153846154,4.14285714285714,3.75,4,3.5,3.75,4.5,4.5,4.16666666666667,3.5
31,4.66666666666667,5,5,6,5,4,3,"female",84,3,6,1,4,2,4.66666666666667,5.33333333333333,4.33333333333333,3.66666666666667,5,4.4,5.5,4.28571428571429,3.57142857142857,4,3,4.66666666666667,3,3.66666666666667,3,3.33333333333333,3.53846153846154,4.14285714285714,3.75,4,3.5,3.75,4.5,4.5,4.16666666666667,3.5
31,5,6,6,4,5,4,3,"female",84,3,6,1,4,2,5,4.33333333333333,4.66666666666667,3.66666666666667,3.5,4.4,5.5,4.28571428571429,3.57142857142857,4,3,4.66666666666667,3,3.66666666666667,3,3.33333333333333,3.53846153846154,4.14285714285714,3.75,4,3.5,3.75,4.5,4.5,4.16666666666667,3.5
40,7,6,7,6,5,3,3,"male",53,2,7,1,5,7,7,7,7,7,5,4.6,2.75,6.71428571428571,6.57142857142857,1.28571428571429,2.66666666666667,3,2.66666666666667,2.66666666666667,2,5,6.23076923076923,5.28571428571429,6.75,2.5,6.75,6,6.75,6.25,4,1.375
40,5,4,1,5,7,3,3,"male",53,2,7,1,5,7,5,5.33333333333333,2.33333333333333,1,1,4.6,2.75,6.71428571428571,6.57142857142857,1.28571428571429,2.66666666666667,3,2.66666666666667,2.66666666666667,2,5,6.23076923076923,5.28571428571429,6.75,2.5,6.75,6,6.75,6.25,4,1.375
40,5.33333333333333,6,1,7,5,3,3,"male",53,2,7,1,5,7,5.33333333333333,1,5,2,1.5,4.6,2.75,6.71428571428571,6.57142857142857,1.28571428571429,2.66666666666667,3,2.66666666666667,2.66666666666667,2,5,6.23076923076923,5.28571428571429,6.75,2.5,6.75,6,6.75,6.25,4,1.375
40,7,1,1,4,7,3,3,"male",53,2,7,1,5,7,7,5.33333333333333,2.33333333333333,1,1,4.6,2.75,6.71428571428571,6.57142857142857,1.28571428571429,2.66666666666667,3,2.66666666666667,2.66666666666667,2,5,6.23076923076923,5.28571428571429,6.75,2.5,6.75,6,6.75,6.25,4,1.375
40,7,6,6,7,6,3,3,"male",53,2,7,1,5,7,7,7,7,7,2.5,4.6,2.75,6.71428571428571,6.57142857142857,1.28571428571429,2.66666666666667,3,2.66666666666667,2.66666666666667,2,5,6.23076923076923,5.28571428571429,6.75,2.5,6.75,6,6.75,6.25,4,1.375
40,5.33333333333333,4,1,4,5,3,3,"male",53,2,7,1,5,7,5.33333333333333,7,7,7,6,4.6,2.75,6.71428571428571,6.57142857142857,1.28571428571429,2.66666666666667,3,2.66666666666667,2.66666666666667,2,5,6.23076923076923,5.28571428571429,6.75,2.5,6.75,6,6.75,6.25,4,1.375
40,7,6,6,7,6,3,3,"male",53,2,7,1,5,7,7,7,7,7,3,4.6,2.75,6.71428571428571,6.57142857142857,1.28571428571429,2.66666666666667,3,2.66666666666667,2.66666666666667,2,5,6.23076923076923,5.28571428571429,6.75,2.5,6.75,6,6.75,6.25,4,1.375
40,4.33333333333333,4,1,1,7,3,3,"male",53,2,7,1,5,7,4.33333333333333,5.33333333333333,2.66666666666667,1,6,4.6,2.75,6.71428571428571,6.57142857142857,1.28571428571429,2.66666666666667,3,2.66666666666667,2.66666666666667,2,5,6.23076923076923,5.28571428571429,6.75,2.5,6.75,6,6.75,6.25,4,1.375
40,5,6,1,7,5,3,3,"male",53,2,7,1,5,7,5,1,5.33333333333333,2,1,4.6,2.75,6.71428571428571,6.57142857142857,1.28571428571429,2.66666666666667,3,2.66666666666667,2.66666666666667,2,5,6.23076923076923,5.28571428571429,6.75,2.5,6.75,6,6.75,6.25,4,1.375
40,5,4,1,7,7,3,3,"male",53,2,7,1,5,7,5,5.33333333333333,2.33333333333333,1,1,4.6,2.75,6.71428571428571,6.57142857142857,1.28571428571429,2.66666666666667,3,2.66666666666667,2.66666666666667,2,5,6.23076923076923,5.28571428571429,6.75,2.5,6.75,6,6.75,6.25,4,1.375
41,1,1,1,1,1,1,2,"female",19,4,1,0,2,3,1,1,2,1,1,2.4,2,3.85714285714286,4.28571428571429,5.42857142857143,3,1.33333333333333,3,1.66666666666667,1,3.66666666666667,4.84615384615385,4.57142857142857,5.25,5.25,2.5,3,2.5,6.25,1.5,2.375
41,6.33333333333333,1,1,1,7,1,2,"female",19,4,1,0,2,3,6.33333333333333,1.66666666666667,1,2,1,2.4,2,3.85714285714286,4.28571428571429,5.42857142857143,3,1.33333333333333,3,1.66666666666667,1,3.66666666666667,4.84615384615385,4.57142857142857,5.25,5.25,2.5,3,2.5,6.25,1.5,2.375
41,7,5,1,5,2,1,2,"female",19,4,1,0,2,3,7,6.33333333333333,4.33333333333333,3.66666666666667,6.5,2.4,2,3.85714285714286,4.28571428571429,5.42857142857143,3,1.33333333333333,3,1.66666666666667,1,3.66666666666667,4.84615384615385,4.57142857142857,5.25,5.25,2.5,3,2.5,6.25,1.5,2.375
41,7,6,2,7,5,1,2,"female",19,4,1,0,2,3,7,6.33333333333333,5,5,4,2.4,2,3.85714285714286,4.28571428571429,5.42857142857143,3,1.33333333333333,3,1.66666666666667,1,3.66666666666667,4.84615384615385,4.57142857142857,5.25,5.25,2.5,3,2.5,6.25,1.5,2.375
41,1,1,1,1,1,1,2,"female",19,4,1,0,2,3,1,1,2.66666666666667,1,1,2.4,2,3.85714285714286,4.28571428571429,5.42857142857143,3,1.33333333333333,3,1.66666666666667,1,3.66666666666667,4.84615384615385,4.57142857142857,5.25,5.25,2.5,3,2.5,6.25,1.5,2.375
41,2.33333333333333,3,1,1,1,1,2,"female",19,4,1,0,2,3,2.33333333333333,5.66666666666667,6.33333333333333,5,7,2.4,2,3.85714285714286,4.28571428571429,5.42857142857143,3,1.33333333333333,3,1.66666666666667,1,3.66666666666667,4.84615384615385,4.57142857142857,5.25,5.25,2.5,3,2.5,6.25,1.5,2.375
41,5,1,5,1,1,1,2,"female",19,4,1,0,2,3,5,7,4.66666666666667,6.66666666666667,4.5,2.4,2,3.85714285714286,4.28571428571429,5.42857142857143,3,1.33333333333333,3,1.66666666666667,1,3.66666666666667,4.84615384615385,4.57142857142857,5.25,5.25,2.5,3,2.5,6.25,1.5,2.375
41,4,1,1,2,2,1,2,"female",19,4,1,0,2,3,4,5.66666666666667,4.66666666666667,5.33333333333333,4.5,2.4,2,3.85714285714286,4.28571428571429,5.42857142857143,3,1.33333333333333,3,1.66666666666667,1,3.66666666666667,4.84615384615385,4.57142857142857,5.25,5.25,2.5,3,2.5,6.25,1.5,2.375
41,5.66666666666667,1,7,5,1,1,2,"female",19,4,1,0,2,3,5.66666666666667,7,6.66666666666667,7,4,2.4,2,3.85714285714286,4.28571428571429,5.42857142857143,3,1.33333333333333,3,1.66666666666667,1,3.66666666666667,4.84615384615385,4.57142857142857,5.25,5.25,2.5,3,2.5,6.25,1.5,2.375
41,7,3,1,1,5,1,2,"female",19,4,1,0,2,3,7,6.66666666666667,6,3.66666666666667,5,2.4,2,3.85714285714286,4.28571428571429,5.42857142857143,3,1.33333333333333,3,1.66666666666667,1,3.66666666666667,4.84615384615385,4.57142857142857,5.25,5.25,2.5,3,2.5,6.25,1.5,2.375
42,1,1,1,2,1,3,2.5,"female",60,2,6,1,2,4,1,1,5,1,1,2,3.25,4.42857142857143,4.28571428571429,4,3.66666666666667,5,4,4,4.66666666666667,5,4.30769230769231,6,5.5,4,4.75,3,4,4.5,5.33333333333333,4.125
42,6,2,2,2,7,3,2.5,"female",60,2,6,1,2,4,6,7,7,6.66666666666667,5,2,3.25,4.42857142857143,4.28571428571429,4,3.66666666666667,5,4,4,4.66666666666667,5,4.30769230769231,6,5.5,4,4.75,3,4,4.5,5.33333333333333,4.125
42,6.66666666666667,6,1,4,6,3,2.5,"female",60,2,6,1,2,4,6.66666666666667,7,7,5.66666666666667,3.5,2,3.25,4.42857142857143,4.28571428571429,4,3.66666666666667,5,4,4,4.66666666666667,5,4.30769230769231,6,5.5,4,4.75,3,4,4.5,5.33333333333333,4.125
42,5,3,1,2,4,3,2.5,"female",60,2,6,1,2,4,5,6,5.66666666666667,4,5,2,3.25,4.42857142857143,4.28571428571429,4,3.66666666666667,5,4,4,4.66666666666667,5,4.30769230769231,6,5.5,4,4.75,3,4,4.5,5.33333333333333,4.125
42,5,1,2,2,5,3,2.5,"female",60,2,6,1,2,4,5,7,7,5.33333333333333,5.5,2,3.25,4.42857142857143,4.28571428571429,4,3.66666666666667,5,4,4,4.66666666666667,5,4.30769230769231,6,5.5,4,4.75,3,4,4.5,5.33333333333333,4.125
42,1,1,1,6,1,3,2.5,"female",60,2,6,1,2,4,1,1,3,1,1,2,3.25,4.42857142857143,4.28571428571429,4,3.66666666666667,5,4,4,4.66666666666667,5,4.30769230769231,6,5.5,4,4.75,3,4,4.5,5.33333333333333,4.125
42,4.33333333333333,1,1,2,7,3,2.5,"female",60,2,6,1,2,4,4.33333333333333,7,7,7,6,2,3.25,4.42857142857143,4.28571428571429,4,3.66666666666667,5,4,4,4.66666666666667,5,4.30769230769231,6,5.5,4,4.75,3,4,4.5,5.33333333333333,4.125
42,6,5,1,6,6,3,2.5,"female",60,2,6,1,2,4,6,6.66666666666667,6.66666666666667,4.66666666666667,5,2,3.25,4.42857142857143,4.28571428571429,4,3.66666666666667,5,4,4,4.66666666666667,5,4.30769230769231,6,5.5,4,4.75,3,4,4.5,5.33333333333333,4.125
42,6.66666666666667,6,1,6,7,3,2.5,"female",60,2,6,1,2,4,6.66666666666667,7,7,6,4,2,3.25,4.42857142857143,4.28571428571429,4,3.66666666666667,5,4,4,4.66666666666667,5,4.30769230769231,6,5.5,4,4.75,3,4,4.5,5.33333333333333,4.125
42,6.66666666666667,6,1,5,6,3,2.5,"female",60,2,6,1,2,4,6.66666666666667,6.66666666666667,7,5.66666666666667,5,2,3.25,4.42857142857143,4.28571428571429,4,3.66666666666667,5,4,4,4.66666666666667,5,4.30769230769231,6,5.5,4,4.75,3,4,4.5,5.33333333333333,4.125
14,6.66666666666667,5,1,7,1,4,2.75,"female",58,3,6,1,5,3,6.66666666666667,1,2.33333333333333,2.66666666666667,1,6.2,2.5,5.14285714285714,6.71428571428571,3.57142857142857,4,5,3.66666666666667,5,3.66666666666667,5,3.84615384615385,5.85714285714286,4,2.75,5.5,3.5,7,6.75,5.66666666666667,4.625
14,6.66666666666667,1,1,6,1,4,2.75,"female",58,3,6,1,5,3,6.66666666666667,6,3,1,1,6.2,2.5,5.14285714285714,6.71428571428571,3.57142857142857,4,5,3.66666666666667,5,3.66666666666667,5,3.84615384615385,5.85714285714286,4,2.75,5.5,3.5,7,6.75,5.66666666666667,4.625
14,6.66666666666667,1,1,1,1,4,2.75,"female",58,3,6,1,5,3,6.66666666666667,4.33333333333333,1,1,1,6.2,2.5,5.14285714285714,6.71428571428571,3.57142857142857,4,5,3.66666666666667,5,3.66666666666667,5,3.84615384615385,5.85714285714286,4,2.75,5.5,3.5,7,6.75,5.66666666666667,4.625
14,1.33333333333333,1,1,1,6,4,2.75,"female",58,3,6,1,5,3,1.33333333333333,1,1.33333333333333,1,4.5,6.2,2.5,5.14285714285714,6.71428571428571,3.57142857142857,4,5,3.66666666666667,5,3.66666666666667,5,3.84615384615385,5.85714285714286,4,2.75,5.5,3.5,7,6.75,5.66666666666667,4.625
14,6.66666666666667,1,1,1,1,4,2.75,"female",58,3,6,1,5,3,6.66666666666667,6.66666666666667,5.66666666666667,4.33333333333333,1,6.2,2.5,5.14285714285714,6.71428571428571,3.57142857142857,4,5,3.66666666666667,5,3.66666666666667,5,3.84615384615385,5.85714285714286,4,2.75,5.5,3.5,7,6.75,5.66666666666667,4.625
14,6.33333333333333,2,1,6,1,4,2.75,"female",58,3,6,1,5,3,6.33333333333333,1,2.33333333333333,1,1,6.2,2.5,5.14285714285714,6.71428571428571,3.57142857142857,4,5,3.66666666666667,5,3.66666666666667,5,3.84615384615385,5.85714285714286,4,2.75,5.5,3.5,7,6.75,5.66666666666667,4.625
14,6.33333333333333,1,1,1,1,4,2.75,"female",58,3,6,1,5,3,6.33333333333333,2.33333333333333,2.33333333333333,1,1,6.2,2.5,5.14285714285714,6.71428571428571,3.57142857142857,4,5,3.66666666666667,5,3.66666666666667,5,3.84615384615385,5.85714285714286,4,2.75,5.5,3.5,7,6.75,5.66666666666667,4.625
14,2.66666666666667,1,1,1,1,4,2.75,"female",58,3,6,1,5,3,2.66666666666667,1,1,1,4,6.2,2.5,5.14285714285714,6.71428571428571,3.57142857142857,4,5,3.66666666666667,5,3.66666666666667,5,3.84615384615385,5.85714285714286,4,2.75,5.5,3.5,7,6.75,5.66666666666667,4.625
14,6.66666666666667,1,1,1,1,4,2.75,"female",58,3,6,1,5,3,6.66666666666667,4.33333333333333,3.33333333333333,1.33333333333333,1,6.2,2.5,5.14285714285714,6.71428571428571,3.57142857142857,4,5,3.66666666666667,5,3.66666666666667,5,3.84615384615385,5.85714285714286,4,2.75,5.5,3.5,7,6.75,5.66666666666667,4.625
14,6.66666666666667,1,1,1,6,4,2.75,"female",58,3,6,1,5,3,6.66666666666667,2.33333333333333,2.33333333333333,1,1,6.2,2.5,5.14285714285714,6.71428571428571,3.57142857142857,4,5,3.66666666666667,5,3.66666666666667,5,3.84615384615385,5.85714285714286,4,2.75,5.5,3.5,7,6.75,5.66666666666667,4.625
35,6,7,1,6,6,8,2,NA,19,4,1,0,2,5,6,5.66666666666667,4.66666666666667,1.33333333333333,1,4.8,3.5,4.85714285714286,5.57142857142857,5,5,2.66666666666667,5,2,2,4.33333333333333,5.38461538461539,4.42857142857143,3.25,5,4.75,3.75,3.25,6,1.16666666666667,1
35,6,7,1,4,4,8,2,NA,19,4,1,0,2,5,6,1,1,1,1,4.8,3.5,4.85714285714286,5.57142857142857,5,5,2.66666666666667,5,2,2,4.33333333333333,5.38461538461539,4.42857142857143,3.25,5,4.75,3.75,3.25,6,1.16666666666667,1
35,6,6,1,4,5,8,2,NA,19,4,1,0,2,5,6,6.33333333333333,5.33333333333333,2.66666666666667,5,4.8,3.5,4.85714285714286,5.57142857142857,5,5,2.66666666666667,5,2,2,4.33333333333333,5.38461538461539,4.42857142857143,3.25,5,4.75,3.75,3.25,6,1.16666666666667,1
35,6.33333333333333,4,1,4,7,8,2,NA,19,4,1,0,2,5,6.33333333333333,7,6.66666666666667,6.33333333333333,1.5,4.8,3.5,4.85714285714286,5.57142857142857,5,5,2.66666666666667,5,2,2,4.33333333333333,5.38461538461539,4.42857142857143,3.25,5,4.75,3.75,3.25,6,1.16666666666667,1
35,5.33333333333333,7,1,7,1,8,2,NA,19,4,1,0,2,5,5.33333333333333,1,1,1,1,4.8,3.5,4.85714285714286,5.57142857142857,5,5,2.66666666666667,5,2,2,4.33333333333333,5.38461538461539,4.42857142857143,3.25,5,4.75,3.75,3.25,6,1.16666666666667,1
35,6.33333333333333,4,4,4,7,8,2,NA,19,4,1,0,2,5,6.33333333333333,7,7,7,1,4.8,3.5,4.85714285714286,5.57142857142857,5,5,2.66666666666667,5,2,2,4.33333333333333,5.38461538461539,4.42857142857143,3.25,5,4.75,3.75,3.25,6,1.16666666666667,1
35,6.33333333333333,2,2,4,6,8,2,NA,19,4,1,0,2,5,6.33333333333333,7,7,7,5.5,4.8,3.5,4.85714285714286,5.57142857142857,5,5,2.66666666666667,5,2,2,4.33333333333333,5.38461538461539,4.42857142857143,3.25,5,4.75,3.75,3.25,6,1.16666666666667,1
35,1,1,1,1,1,8,2,NA,19,4,1,0,2,5,1,7,7,7,7,4.8,3.5,4.85714285714286,5.57142857142857,5,5,2.66666666666667,5,2,2,4.33333333333333,5.38461538461539,4.42857142857143,3.25,5,4.75,3.75,3.25,6,1.16666666666667,1
35,6,6,1,7,5,8,2,NA,19,4,1,0,2,5,6,7,5.33333333333333,3,1,4.8,3.5,4.85714285714286,5.57142857142857,5,5,2.66666666666667,5,2,2,4.33333333333333,5.38461538461539,4.42857142857143,3.25,5,4.75,3.75,3.25,6,1.16666666666667,1
35,6,7,2,4,5,8,2,NA,19,4,1,0,2,5,6,7,6.33333333333333,6.33333333333333,1,4.8,3.5,4.85714285714286,5.57142857142857,5,5,2.66666666666667,5,2,2,4.33333333333333,5.38461538461539,4.42857142857143,3.25,5,4.75,3.75,3.25,6,1.16666666666667,1
12,6,6,2,5,4,8,2,"female",63,0,6,0,2,4,6,2,2,2,1,2.6,3.25,3.28571428571429,4.14285714285714,4.71428571428571,3.66666666666667,5,4,3,4.66666666666667,4.33333333333333,5.46153846153846,5,5,3.5,6,2.5,5,3.5,3.5,2.625
12,6,2,2,4,5,8,2,"female",63,0,6,0,2,4,6,4.33333333333333,3.33333333333333,2,1,2.6,3.25,3.28571428571429,4.14285714285714,4.71428571428571,3.66666666666667,5,4,3,4.66666666666667,4.33333333333333,5.46153846153846,5,5,3.5,6,2.5,5,3.5,3.5,2.625
12,6,4,6,4,6,8,2,"female",63,0,6,0,2,4,6,6,6,6,2,2.6,3.25,3.28571428571429,4.14285714285714,4.71428571428571,3.66666666666667,5,4,3,4.66666666666667,4.33333333333333,5.46153846153846,5,5,3.5,6,2.5,5,3.5,3.5,2.625
12,5.33333333333333,4,2,3,2,8,2,"female",63,0,6,0,2,4,5.33333333333333,2,5.66666666666667,4.66666666666667,4,2.6,3.25,3.28571428571429,4.14285714285714,4.71428571428571,3.66666666666667,5,4,3,4.66666666666667,4.33333333333333,5.46153846153846,5,5,3.5,6,2.5,5,3.5,3.5,2.625
12,6,4,4,2,3,8,2,"female",63,0,6,0,2,4,6,6,6,6,4,2.6,3.25,3.28571428571429,4.14285714285714,4.71428571428571,3.66666666666667,5,4,3,4.66666666666667,4.33333333333333,5.46153846153846,5,5,3.5,6,2.5,5,3.5,3.5,2.625
12,6,6,5,3,6,8,2,"female",63,0,6,0,2,4,6,6,6,6,3,2.6,3.25,3.28571428571429,4.14285714285714,4.71428571428571,3.66666666666667,5,4,3,4.66666666666667,4.33333333333333,5.46153846153846,5,5,3.5,6,2.5,5,3.5,3.5,2.625
12,6,5,2,4,5,8,2,"female",63,0,6,0,2,4,6,3.33333333333333,5,2,1,2.6,3.25,3.28571428571429,4.14285714285714,4.71428571428571,3.66666666666667,5,4,3,4.66666666666667,4.33333333333333,5.46153846153846,5,5,3.5,6,2.5,5,3.5,3.5,2.625
12,5.33333333333333,2,2,4,2,8,2,"female",63,0,6,0,2,4,5.33333333333333,2,6,4.66666666666667,3,2.6,3.25,3.28571428571429,4.14285714285714,4.71428571428571,3.66666666666667,5,4,3,4.66666666666667,4.33333333333333,5.46153846153846,5,5,3.5,6,2.5,5,3.5,3.5,2.625
12,5.33333333333333,4,2,2,2,8,2,"female",63,0,6,0,2,4,5.33333333333333,2,5,4.66666666666667,4,2.6,3.25,3.28571428571429,4.14285714285714,4.71428571428571,3.66666666666667,5,4,3,4.66666666666667,4.33333333333333,5.46153846153846,5,5,3.5,6,2.5,5,3.5,3.5,2.625
12,5.33333333333333,4,3,3,6,8,2,"female",63,0,6,0,2,4,5.33333333333333,6,6,6,6,2.6,3.25,3.28571428571429,4.14285714285714,4.71428571428571,3.66666666666667,5,4,3,4.66666666666667,4.33333333333333,5.46153846153846,5,5,3.5,6,2.5,5,3.5,3.5,2.625
21,6,2,2,2,7,8,1.75,"female",41,4,1,0,2,2,6,6.66666666666667,4.33333333333333,4.33333333333333,3.5,2.8,1.25,4.42857142857143,5.57142857142857,5.42857142857143,5,3.66666666666667,4,1.33333333333333,2.33333333333333,4.66666666666667,6.15384615384615,4,4.5,5.75,3.75,1.75,1.75,5.75,1,1.25
21,5,7,5,6,6,8,1.75,"female",41,4,1,0,2,2,5,5,2,1,1,2.8,1.25,4.42857142857143,5.57142857142857,5.42857142857143,5,3.66666666666667,4,1.33333333333333,2.33333333333333,4.66666666666667,6.15384615384615,4,4.5,5.75,3.75,1.75,1.75,5.75,1,1.25
21,6,4,3,6,4,8,1.75,"female",41,4,1,0,2,2,6,6,5.33333333333333,6,2,2.8,1.25,4.42857142857143,5.57142857142857,5.42857142857143,5,3.66666666666667,4,1.33333333333333,2.33333333333333,4.66666666666667,6.15384615384615,4,4.5,5.75,3.75,1.75,1.75,5.75,1,1.25
21,4.33333333333333,5,2,6,6,8,1.75,"female",41,4,1,0,2,2,4.33333333333333,6.33333333333333,5.33333333333333,4.33333333333333,3,2.8,1.25,4.42857142857143,5.57142857142857,5.42857142857143,5,3.66666666666667,4,1.33333333333333,2.33333333333333,4.66666666666667,6.15384615384615,4,4.5,5.75,3.75,1.75,1.75,5.75,1,1.25
21,1,1,1,1,2,8,1.75,"female",41,4,1,0,2,2,1,1.66666666666667,2,1,7,2.8,1.25,4.42857142857143,5.57142857142857,5.42857142857143,5,3.66666666666667,4,1.33333333333333,2.33333333333333,4.66666666666667,6.15384615384615,4,4.5,5.75,3.75,1.75,1.75,5.75,1,1.25
21,1,1,1,1,3,8,1.75,"female",41,4,1,0,2,2,1,3,2,1,6,2.8,1.25,4.42857142857143,5.57142857142857,5.42857142857143,5,3.66666666666667,4,1.33333333333333,2.33333333333333,4.66666666666667,6.15384615384615,4,4.5,5.75,3.75,1.75,1.75,5.75,1,1.25
21,6,2,2,5,2,8,1.75,"female",41,4,1,0,2,2,6,6.66666666666667,6,5,6,2.8,1.25,4.42857142857143,5.57142857142857,5.42857142857143,5,3.66666666666667,4,1.33333333333333,2.33333333333333,4.66666666666667,6.15384615384615,4,4.5,5.75,3.75,1.75,1.75,5.75,1,1.25
21,6,4,4,4,5,8,1.75,"female",41,4,1,0,2,2,6,6.66666666666667,6,5.33333333333333,4,2.8,1.25,4.42857142857143,5.57142857142857,5.42857142857143,5,3.66666666666667,4,1.33333333333333,2.33333333333333,4.66666666666667,6.15384615384615,4,4.5,5.75,3.75,1.75,1.75,5.75,1,1.25
21,4,1,1,6,5,8,1.75,"female",41,4,1,0,2,2,4,4.66666666666667,2,1,3.5,2.8,1.25,4.42857142857143,5.57142857142857,5.42857142857143,5,3.66666666666667,4,1.33333333333333,2.33333333333333,4.66666666666667,6.15384615384615,4,4.5,5.75,3.75,1.75,1.75,5.75,1,1.25
21,6,5,3,5,1,8,1.75,"female",41,4,1,0,2,2,6,6.33333333333333,6,2.33333333333333,7,2.8,1.25,4.42857142857143,5.57142857142857,5.42857142857143,5,3.66666666666667,4,1.33333333333333,2.33333333333333,4.66666666666667,6.15384615384615,4,4.5,5.75,3.75,1.75,1.75,5.75,1,1.25
16,4,4,2,5,1,4,4.75,"male",31,3,2,1,5,5,4,1,7,3.66666666666667,1,5.6,5,6.57142857142857,6.71428571428571,3,3.33333333333333,5,4.66666666666667,4.66666666666667,4.66666666666667,5,5.92307692307692,5.57142857142857,6.25,3.25,6.75,4.5,7,5.25,4.33333333333333,1.125
16,7,2,1,2,7,4,4.75,"male",31,3,2,1,5,5,7,1.33333333333333,1,1,1,5.6,5,6.57142857142857,6.71428571428571,3,3.33333333333333,5,4.66666666666667,4.66666666666667,4.66666666666667,5,5.92307692307692,5.57142857142857,6.25,3.25,6.75,4.5,7,5.25,4.33333333333333,1.125
16,7,4,5,7,7,4,4.75,"male",31,3,2,1,5,5,7,7,2.33333333333333,7,1,5.6,5,6.57142857142857,6.71428571428571,3,3.33333333333333,5,4.66666666666667,4.66666666666667,4.66666666666667,5,5.92307692307692,5.57142857142857,6.25,3.25,6.75,4.5,7,5.25,4.33333333333333,1.125
16,7,7,7,7,1,4,4.75,"male",31,3,2,1,5,5,7,7,7,7,3.5,5.6,5,6.57142857142857,6.71428571428571,3,3.33333333333333,5,4.66666666666667,4.66666666666667,4.66666666666667,5,5.92307692307692,5.57142857142857,6.25,3.25,6.75,4.5,7,5.25,4.33333333333333,1.125
16,1,1,1,1,1,4,4.75,"male",31,3,2,1,5,5,1,6.66666666666667,6,1,1,5.6,5,6.57142857142857,6.71428571428571,3,3.33333333333333,5,4.66666666666667,4.66666666666667,4.66666666666667,5,5.92307692307692,5.57142857142857,6.25,3.25,6.75,4.5,7,5.25,4.33333333333333,1.125
16,3.33333333333333,6,1,7,1,4,4.75,"male",31,3,2,1,5,5,3.33333333333333,6.66666666666667,6,1,1,5.6,5,6.57142857142857,6.71428571428571,3,3.33333333333333,5,4.66666666666667,4.66666666666667,4.66666666666667,5,5.92307692307692,5.57142857142857,6.25,3.25,6.75,4.5,7,5.25,4.33333333333333,1.125
16,7,2,5,6,6,4,4.75,"male",31,3,2,1,5,5,7,7,7,7,1,5.6,5,6.57142857142857,6.71428571428571,3,3.33333333333333,5,4.66666666666667,4.66666666666667,4.66666666666667,5,5.92307692307692,5.57142857142857,6.25,3.25,6.75,4.5,7,5.25,4.33333333333333,1.125
16,6.66666666666667,6,1,7,1,4,4.75,"male",31,3,2,1,5,5,6.66666666666667,6.66666666666667,6,1,1,5.6,5,6.57142857142857,6.71428571428571,3,3.33333333333333,5,4.66666666666667,4.66666666666667,4.66666666666667,5,5.92307692307692,5.57142857142857,6.25,3.25,6.75,4.5,7,5.25,4.33333333333333,1.125
16,3,7,1,2,1,4,4.75,"male",31,3,2,1,5,5,3,6.66666666666667,6.66666666666667,1,1,5.6,5,6.57142857142857,6.71428571428571,3,3.33333333333333,5,4.66666666666667,4.66666666666667,4.66666666666667,5,5.92307692307692,5.57142857142857,6.25,3.25,6.75,4.5,7,5.25,4.33333333333333,1.125
16,7,4,5,7,1,4,4.75,"male",31,3,2,1,5,5,7,7,7,7,3,5.6,5,6.57142857142857,6.71428571428571,3,3.33333333333333,5,4.66666666666667,4.66666666666667,4.66666666666667,5,5.92307692307692,5.57142857142857,6.25,3.25,6.75,4.5,7,5.25,4.33333333333333,1.125
22,7,7,5,7,6,6,3,"male",61,4,4,0,3,7,7,7,6.66666666666667,3.66666666666667,1,4.6,3.25,6,6.57142857142857,1,4.33333333333333,4,3,3,2.33333333333333,3,6.15384615384615,5.28571428571429,5.5,3,6.75,4.25,6.25,6.5,1,1
22,7,7,7,7,6,6,3,"male",61,4,4,0,3,7,7,7,7,7,1,4.6,3.25,6,6.57142857142857,1,4.33333333333333,4,3,3,2.33333333333333,3,6.15384615384615,5.28571428571429,5.5,3,6.75,4.25,6.25,6.5,1,1
22,7,7,5,7,6,6,3,"male",61,4,4,0,3,7,7,7,6.66666666666667,3.66666666666667,1,4.6,3.25,6,6.57142857142857,1,4.33333333333333,4,3,3,2.33333333333333,3,6.15384615384615,5.28571428571429,5.5,3,6.75,4.25,6.25,6.5,1,1
22,7,7,7,7,6,6,3,"male",61,4,4,0,3,7,7,7,7,7,1,4.6,3.25,6,6.57142857142857,1,4.33333333333333,4,3,3,2.33333333333333,3,6.15384615384615,5.28571428571429,5.5,3,6.75,4.25,6.25,6.5,1,1
22,7,7,5,7,6,6,3,"male",61,4,4,0,3,7,7,5,6.66666666666667,3,1,4.6,3.25,6,6.57142857142857,1,4.33333333333333,4,3,3,2.33333333333333,3,6.15384615384615,5.28571428571429,5.5,3,6.75,4.25,6.25,6.5,1,1
22,7,7,5,7,6,6,3,"male",61,4,4,0,3,7,7,7,6.66666666666667,3.66666666666667,2.5,4.6,3.25,6,6.57142857142857,1,4.33333333333333,4,3,3,2.33333333333333,3,6.15384615384615,5.28571428571429,5.5,3,6.75,4.25,6.25,6.5,1,1
22,6,3,1,7,1,6,3,"male",61,4,4,0,3,7,6,1,2.66666666666667,1,1,4.6,3.25,6,6.57142857142857,1,4.33333333333333,4,3,3,2.33333333333333,3,6.15384615384615,5.28571428571429,5.5,3,6.75,4.25,6.25,6.5,1,1
22,7,7,5,7,6,6,3,"male",61,4,4,0,3,7,7,5,6.66666666666667,3,1,4.6,3.25,6,6.57142857142857,1,4.33333333333333,4,3,3,2.33333333333333,3,6.15384615384615,5.28571428571429,5.5,3,6.75,4.25,6.25,6.5,1,1
22,6,4,1,1,1,6,3,"male",61,4,4,0,3,7,6,1,6.66666666666667,2.33333333333333,1,4.6,3.25,6,6.57142857142857,1,4.33333333333333,4,3,3,2.33333333333333,3,6.15384615384615,5.28571428571429,5.5,3,6.75,4.25,6.25,6.5,1,1
22,7,7,7,7,6,6,3,"male",61,4,4,0,3,7,7,7,7,7,4,4.6,3.25,6,6.57142857142857,1,4.33333333333333,4,3,3,2.33333333333333,3,6.15384615384615,5.28571428571429,5.5,3,6.75,4.25,6.25,6.5,1,1
26,7,5,1,7,6,6,3.5,"male",48,2,4,0,3,2,7,7,7,6.66666666666667,2.5,4.6,1.25,4.57142857142857,4.42857142857143,3.28571428571429,4,3.33333333333333,3.33333333333333,3,4.33333333333333,5,4.23076923076923,1,5.75,3.5,4,3.75,5,5.25,4.16666666666667,4
26,7,5,1,1,6,6,3.5,"male",48,2,4,0,3,2,7,7,1,6.66666666666667,2,4.6,1.25,4.57142857142857,4.42857142857143,3.28571428571429,4,3.33333333333333,3.33333333333333,3,4.33333333333333,5,4.23076923076923,1,5.75,3.5,4,3.75,5,5.25,4.16666666666667,4
26,5.66666666666667,5,1,1,1,6,3.5,"male",48,2,4,0,3,2,5.66666666666667,1,1,1,1.5,4.6,1.25,4.57142857142857,4.42857142857143,3.28571428571429,4,3.33333333333333,3.33333333333333,3,4.33333333333333,5,4.23076923076923,1,5.75,3.5,4,3.75,5,5.25,4.16666666666667,4
26,7,2,1,3,6,6,3.5,"male",48,2,4,0,3,2,7,7,3.33333333333333,6.66666666666667,3.5,4.6,1.25,4.57142857142857,4.42857142857143,3.28571428571429,4,3.33333333333333,3.33333333333333,3,4.33333333333333,5,4.23076923076923,1,5.75,3.5,4,3.75,5,5.25,4.16666666666667,4
26,7,2,1,5,6,6,3.5,"male",48,2,4,0,3,2,7,7,5,5,3.5,4.6,1.25,4.57142857142857,4.42857142857143,3.28571428571429,4,3.33333333333333,3.33333333333333,3,4.33333333333333,5,4.23076923076923,1,5.75,3.5,4,3.75,5,5.25,4.16666666666667,4
26,7,6,7,7,6,6,3.5,"male",48,2,4,0,3,2,7,7,6.66666666666667,6.66666666666667,2,4.6,1.25,4.57142857142857,4.42857142857143,3.28571428571429,4,3.33333333333333,3.33333333333333,3,4.33333333333333,5,4.23076923076923,1,5.75,3.5,4,3.75,5,5.25,4.16666666666667,4
26,7,2,1,2,6,6,3.5,"male",48,2,4,0,3,2,7,5,2.33333333333333,5,1,4.6,1.25,4.57142857142857,4.42857142857143,3.28571428571429,4,3.33333333333333,3.33333333333333,3,4.33333333333333,5,4.23076923076923,1,5.75,3.5,4,3.75,5,5.25,4.16666666666667,4
26,7,2,1,5,6,6,3.5,"male",48,2,4,0,3,2,7,7,5,5,4.5,4.6,1.25,4.57142857142857,4.42857142857143,3.28571428571429,4,3.33333333333333,3.33333333333333,3,4.33333333333333,5,4.23076923076923,1,5.75,3.5,4,3.75,5,5.25,4.16666666666667,4
26,7,2,2,2,6,6,3.5,"male",48,2,4,0,3,2,7,7,4,6.66666666666667,2.5,4.6,1.25,4.57142857142857,4.42857142857143,3.28571428571429,4,3.33333333333333,3.33333333333333,3,4.33333333333333,5,4.23076923076923,1,5.75,3.5,4,3.75,5,5.25,4.16666666666667,4
26,7,2,2,5,6,6,3.5,"male",48,2,4,0,3,2,7,7,5,5,4,4.6,1.25,4.57142857142857,4.42857142857143,3.28571428571429,4,3.33333333333333,3.33333333333333,3,4.33333333333333,5,4.23076923076923,1,5.75,3.5,4,3.75,5,5.25,4.16666666666667,4
39,1.33333333333333,2,1,6,6,7,4.5,"male",64,4,7,1,5,1,1.33333333333333,1.33333333333333,1,2.66666666666667,3.5,6.4,5.25,5.28571428571429,4.57142857142857,4.85714285714286,4,4.33333333333333,4.33333333333333,4,4.66666666666667,4.66666666666667,3.46153846153846,5.57142857142857,2.25,3.75,4.25,3.75,3.75,4.75,4,5.125
39,1.33333333333333,1,1,2,6,7,4.5,"male",64,4,7,1,5,1,1.33333333333333,1,3.33333333333333,3,4,6.4,5.25,5.28571428571429,4.57142857142857,4.85714285714286,4,4.33333333333333,4.33333333333333,4,4.66666666666667,4.66666666666667,3.46153846153846,5.57142857142857,2.25,3.75,4.25,3.75,3.75,4.75,4,5.125
39,2.66666666666667,1,1,2,6,7,4.5,"male",64,4,7,1,5,1,2.66666666666667,1.33333333333333,3,3,4,6.4,5.25,5.28571428571429,4.57142857142857,4.85714285714286,4,4.33333333333333,4.33333333333333,4,4.66666666666667,4.66666666666667,3.46153846153846,5.57142857142857,2.25,3.75,4.25,3.75,3.75,4.75,4,5.125
39,6.33333333333333,7,1,6,6,7,4.5,"male",64,4,7,1,5,1,6.33333333333333,1.33333333333333,5.66666666666667,4,3.5,6.4,5.25,5.28571428571429,4.57142857142857,4.85714285714286,4,4.33333333333333,4.33333333333333,4,4.66666666666667,4.66666666666667,3.46153846153846,5.57142857142857,2.25,3.75,4.25,3.75,3.75,4.75,4,5.125
39,1,1,1,1,6,7,4.5,"male",64,4,7,1,5,1,1,1.33333333333333,1,3.33333333333333,3.5,6.4,5.25,5.28571428571429,4.57142857142857,4.85714285714286,4,4.33333333333333,4.33333333333333,4,4.66666666666667,4.66666666666667,3.46153846153846,5.57142857142857,2.25,3.75,4.25,3.75,3.75,4.75,4,5.125
39,6.66666666666667,7,7,6,6,7,4.5,"male",64,4,7,1,5,1,6.66666666666667,7,7,4.66666666666667,4,6.4,5.25,5.28571428571429,4.57142857142857,4.85714285714286,4,4.33333333333333,4.33333333333333,4,4.66666666666667,4.66666666666667,3.46153846153846,5.57142857142857,2.25,3.75,4.25,3.75,3.75,4.75,4,5.125
39,6.66666666666667,6,5,7,1,7,4.5,"male",64,4,7,1,5,1,6.66666666666667,6.33333333333333,6.33333333333333,6,4,6.4,5.25,5.28571428571429,4.57142857142857,4.85714285714286,4,4.33333333333333,4.33333333333333,4,4.66666666666667,4.66666666666667,3.46153846153846,5.57142857142857,2.25,3.75,4.25,3.75,3.75,4.75,4,5.125
39,6.33333333333333,6,1,6,6,7,4.5,"male",64,4,7,1,5,1,6.33333333333333,1.33333333333333,7,4.66666666666667,4,6.4,5.25,5.28571428571429,4.57142857142857,4.85714285714286,4,4.33333333333333,4.33333333333333,4,4.66666666666667,4.66666666666667,3.46153846153846,5.57142857142857,2.25,3.75,4.25,3.75,3.75,4.75,4,5.125
39,1.33333333333333,1,1,2,6,7,4.5,"male",64,4,7,1,5,1,1.33333333333333,1,1.33333333333333,3,3.5,6.4,5.25,5.28571428571429,4.57142857142857,4.85714285714286,4,4.33333333333333,4.33333333333333,4,4.66666666666667,4.66666666666667,3.46153846153846,5.57142857142857,2.25,3.75,4.25,3.75,3.75,4.75,4,5.125
39,1.66666666666667,1,1,2,6,7,4.5,"male",64,4,7,1,5,1,1.66666666666667,7,3.66666666666667,3,6,6.4,5.25,5.28571428571429,4.57142857142857,4.85714285714286,4,4.33333333333333,4.33333333333333,4,4.66666666666667,4.66666666666667,3.46153846153846,5.57142857142857,2.25,3.75,4.25,3.75,3.75,4.75,4,5.125
28,5,6,6,6,6,6,3.75,"male",30,3,6,1,5,6,5,5,3.66666666666667,2.66666666666667,3,6,5.25,4.42857142857143,4.42857142857143,4.28571428571429,3.66666666666667,4.66666666666667,3.66666666666667,3.66666666666667,3.33333333333333,3.66666666666667,3.61538461538462,3.57142857142857,2.75,4,4,3.75,3.75,4.75,4.16666666666667,4
28,4.66666666666667,6,6,5,3,6,3.75,"male",30,3,6,1,5,6,4.66666666666667,4.33333333333333,4.33333333333333,2.66666666666667,3.5,6,5.25,4.42857142857143,4.42857142857143,4.28571428571429,3.66666666666667,4.66666666666667,3.66666666666667,3.66666666666667,3.33333333333333,3.66666666666667,3.61538461538462,3.57142857142857,2.75,4,4,3.75,3.75,4.75,4.16666666666667,4
28,5.66666666666667,6,5,5,5,6,3.75,"male",30,3,6,1,5,6,5.66666666666667,4.66666666666667,5,2,3,6,5.25,4.42857142857143,4.42857142857143,4.28571428571429,3.66666666666667,4.66666666666667,3.66666666666667,3.66666666666667,3.33333333333333,3.66666666666667,3.61538461538462,3.57142857142857,2.75,4,4,3.75,3.75,4.75,4.16666666666667,4
28,5.33333333333333,6,6,6,6,6,3.75,"male",30,3,6,1,5,6,5.33333333333333,5,4.33333333333333,2.33333333333333,2.5,6,5.25,4.42857142857143,4.42857142857143,4.28571428571429,3.66666666666667,4.66666666666667,3.66666666666667,3.66666666666667,3.33333333333333,3.66666666666667,3.61538461538462,3.57142857142857,2.75,4,4,3.75,3.75,4.75,4.16666666666667,4
28,5.66666666666667,7,5,5,6,6,3.75,"male",30,3,6,1,5,6,5.66666666666667,4.66666666666667,4.33333333333333,2.66666666666667,3,6,5.25,4.42857142857143,4.42857142857143,4.28571428571429,3.66666666666667,4.66666666666667,3.66666666666667,3.66666666666667,3.33333333333333,3.66666666666667,3.61538461538462,3.57142857142857,2.75,4,4,3.75,3.75,4.75,4.16666666666667,4
28,5.66666666666667,5,5,6,5,6,3.75,"male",30,3,6,1,5,6,5.66666666666667,5,5,3,3.5,6,5.25,4.42857142857143,4.42857142857143,4.28571428571429,3.66666666666667,4.66666666666667,3.66666666666667,3.66666666666667,3.33333333333333,3.66666666666667,3.61538461538462,3.57142857142857,2.75,4,4,3.75,3.75,4.75,4.16666666666667,4
28,4.33333333333333,5,6,5,6,6,3.75,"male",30,3,6,1,5,6,4.33333333333333,4.66666666666667,5,2,3.5,6,5.25,4.42857142857143,4.42857142857143,4.28571428571429,3.66666666666667,4.66666666666667,3.66666666666667,3.66666666666667,3.33333333333333,3.66666666666667,3.61538461538462,3.57142857142857,2.75,4,4,3.75,3.75,4.75,4.16666666666667,4
28,5,6,5,6,5,6,3.75,"male",30,3,6,1,5,6,5,5.33333333333333,4,2.66666666666667,4,6,5.25,4.42857142857143,4.42857142857143,4.28571428571429,3.66666666666667,4.66666666666667,3.66666666666667,3.66666666666667,3.33333333333333,3.66666666666667,3.61538461538462,3.57142857142857,2.75,4,4,3.75,3.75,4.75,4.16666666666667,4
28,4.33333333333333,6,6,6,6,6,3.75,"male",30,3,6,1,5,6,4.33333333333333,4.33333333333333,3.66666666666667,2.33333333333333,4,6,5.25,4.42857142857143,4.42857142857143,4.28571428571429,3.66666666666667,4.66666666666667,3.66666666666667,3.66666666666667,3.33333333333333,3.66666666666667,3.61538461538462,3.57142857142857,2.75,4,4,3.75,3.75,4.75,4.16666666666667,4
28,5.33333333333333,7,6,5,3,6,3.75,"male",30,3,6,1,5,6,5.33333333333333,4.66666666666667,4.33333333333333,3,3,6,5.25,4.42857142857143,4.42857142857143,4.28571428571429,3.66666666666667,4.66666666666667,3.66666666666667,3.66666666666667,3.33333333333333,3.66666666666667,3.61538461538462,3.57142857142857,2.75,4,4,3.75,3.75,4.75,4.16666666666667,4
6,5.66666666666667,3,1,1,4,5,3.75,"female",18,3,6,1,5,4,5.66666666666667,4,4,3.33333333333333,1.5,5,4.75,4.28571428571429,3.57142857142857,3.71428571428571,3.33333333333333,3,3.33333333333333,3.33333333333333,3.66666666666667,2.66666666666667,3.84615384615385,4.14285714285714,4,4.5,4.25,4.5,4.75,4,3.66666666666667,4.125
6,4.66666666666667,3,4,4,4,5,3.75,"female",18,3,6,1,5,4,4.66666666666667,3.66666666666667,3,3.33333333333333,2,5,4.75,4.28571428571429,3.57142857142857,3.71428571428571,3.33333333333333,3,3.33333333333333,3.33333333333333,3.66666666666667,2.66666666666667,3.84615384615385,4.14285714285714,4,4.5,4.25,4.5,4.75,4,3.66666666666667,4.125
6,2.66666666666667,3,1,1,4,5,3.75,"female",18,3,6,1,5,4,2.66666666666667,2.33333333333333,4,1,4,5,4.75,4.28571428571429,3.57142857142857,3.71428571428571,3.33333333333333,3,3.33333333333333,3.33333333333333,3.66666666666667,2.66666666666667,3.84615384615385,4.14285714285714,4,4.5,4.25,4.5,4.75,4,3.66666666666667,4.125
6,5,4,1,1,4,5,3.75,"female",18,3,6,1,5,4,5,3.66666666666667,3.66666666666667,2.33333333333333,2.5,5,4.75,4.28571428571429,3.57142857142857,3.71428571428571,3.33333333333333,3,3.33333333333333,3.33333333333333,3.66666666666667,2.66666666666667,3.84615384615385,4.14285714285714,4,4.5,4.25,4.5,4.75,4,3.66666666666667,4.125
6,2.33333333333333,2,1,1,4,5,3.75,"female",18,3,6,1,5,4,2.33333333333333,3,3,1,5,5,4.75,4.28571428571429,3.57142857142857,3.71428571428571,3.33333333333333,3,3.33333333333333,3.33333333333333,3.66666666666667,2.66666666666667,3.84615384615385,4.14285714285714,4,4.5,4.25,4.5,4.75,4,3.66666666666667,4.125
6,3,1,1,4,4,5,3.75,"female",18,3,6,1,5,4,3,3,4,1,2,5,4.75,4.28571428571429,3.57142857142857,3.71428571428571,3.33333333333333,3,3.33333333333333,3.33333333333333,3.66666666666667,2.66666666666667,3.84615384615385,4.14285714285714,4,4.5,4.25,4.5,4.75,4,3.66666666666667,4.125
6,2.33333333333333,1,1,1,4,5,3.75,"female",18,3,6,1,5,4,2.33333333333333,3.33333333333333,2.66666666666667,1,1,5,4.75,4.28571428571429,3.57142857142857,3.71428571428571,3.33333333333333,3,3.33333333333333,3.33333333333333,3.66666666666667,2.66666666666667,3.84615384615385,4.14285714285714,4,4.5,4.25,4.5,4.75,4,3.66666666666667,4.125
6,4.66666666666667,6,3,5,4,5,3.75,"female",18,3,6,1,5,4,4.66666666666667,3.66666666666667,3.66666666666667,3,2.5,5,4.75,4.28571428571429,3.57142857142857,3.71428571428571,3.33333333333333,3,3.33333333333333,3.33333333333333,3.66666666666667,2.66666666666667,3.84615384615385,4.14285714285714,4,4.5,4.25,4.5,4.75,4,3.66666666666667,4.125
6,4.66666666666667,4,6,5,4,5,3.75,"female",18,3,6,1,5,4,4.66666666666667,4.33333333333333,3,3,3,5,4.75,4.28571428571429,3.57142857142857,3.71428571428571,3.33333333333333,3,3.33333333333333,3.33333333333333,3.66666666666667,2.66666666666667,3.84615384615385,4.14285714285714,4,4.5,4.25,4.5,4.75,4,3.66666666666667,4.125
6,5,4,1,2,4,5,3.75,"female",18,3,6,1,5,4,5,4,2.66666666666667,4,2.5,5,4.75,4.28571428571429,3.57142857142857,3.71428571428571,3.33333333333333,3,3.33333333333333,3.33333333333333,3.66666666666667,2.66666666666667,3.84615384615385,4.14285714285714,4,4.5,4.25,4.5,4.75,4,3.66666666666667,4.125
2,7,6,1,5,7,8,2.75,"female",28,3,2,0,2,5,7,6.66666666666667,3,1,1,4.2,3.25,5.14285714285714,5.71428571428571,5.57142857142857,4.33333333333333,3.33333333333333,3,2,2.33333333333333,3.66666666666667,5.76923076923077,4,6,5.25,5.5,3.75,3.25,5,2.83333333333333,1
2,6.33333333333333,6,1,5,6,8,2.75,"female",28,3,2,0,2,5,6.33333333333333,6.66666666666667,6.33333333333333,2.33333333333333,2.5,4.2,3.25,5.14285714285714,5.71428571428571,5.57142857142857,4.33333333333333,3.33333333333333,3,2,2.33333333333333,3.66666666666667,5.76923076923077,4,6,5.25,5.5,3.75,3.25,5,2.83333333333333,1
2,6.33333333333333,5,1,5,7,8,2.75,"female",28,3,2,0,2,5,6.33333333333333,6.33333333333333,6.33333333333333,1,3,4.2,3.25,5.14285714285714,5.71428571428571,5.57142857142857,4.33333333333333,3.33333333333333,3,2,2.33333333333333,3.66666666666667,5.76923076923077,4,6,5.25,5.5,3.75,3.25,5,2.83333333333333,1
2,1,1,1,1,1,8,2.75,"female",28,3,2,0,2,5,1,6.66666666666667,7,5.66666666666667,7,4.2,3.25,5.14285714285714,5.71428571428571,5.57142857142857,4.33333333333333,3.33333333333333,3,2,2.33333333333333,3.66666666666667,5.76923076923077,4,6,5.25,5.5,3.75,3.25,5,2.83333333333333,1
2,6,5,1,5,7,8,2.75,"female",28,3,2,0,2,5,6,4.33333333333333,3.66666666666667,1,2,4.2,3.25,5.14285714285714,5.71428571428571,5.57142857142857,4.33333333333333,3.33333333333333,3,2,2.33333333333333,3.66666666666667,5.76923076923077,4,6,5.25,5.5,3.75,3.25,5,2.83333333333333,1
2,6.66666666666667,7,1,5,6,8,2.75,"female",28,3,2,0,2,5,6.66666666666667,6.33333333333333,6.33333333333333,1,1.5,4.2,3.25,5.14285714285714,5.71428571428571,5.57142857142857,4.33333333333333,3.33333333333333,3,2,2.33333333333333,3.66666666666667,5.76923076923077,4,6,5.25,5.5,3.75,3.25,5,2.83333333333333,1
2,5,2,3,4,2,8,2.75,"female",28,3,2,0,2,5,5,6.66666666666667,7,6,3,4.2,3.25,5.14285714285714,5.71428571428571,5.57142857142857,4.33333333333333,3.33333333333333,3,2,2.33333333333333,3.66666666666667,5.76923076923077,4,6,5.25,5.5,3.75,3.25,5,2.83333333333333,1
2,6.66666666666667,7,1,5,1,8,2.75,"female",28,3,2,0,2,5,6.66666666666667,6.33333333333333,6.33333333333333,1,2,4.2,3.25,5.14285714285714,5.71428571428571,5.57142857142857,4.33333333333333,3.33333333333333,3,2,2.33333333333333,3.66666666666667,5.76923076923077,4,6,5.25,5.5,3.75,3.25,5,2.83333333333333,1
2,6.33333333333333,2,1,5,7,8,2.75,"female",28,3,2,0,2,5,6.33333333333333,6.66666666666667,7,6.66666666666667,3,4.2,3.25,5.14285714285714,5.71428571428571,5.57142857142857,4.33333333333333,3.33333333333333,3,2,2.33333333333333,3.66666666666667,5.76923076923077,4,6,5.25,5.5,3.75,3.25,5,2.83333333333333,1
2,7,7,1,7,7,8,2.75,"female",28,3,2,0,2,5,7,1,1,1,1,4.2,3.25,5.14285714285714,5.71428571428571,5.57142857142857,4.33333333333333,3.33333333333333,3,2,2.33333333333333,3.66666666666667,5.76923076923077,4,6,5.25,5.5,3.75,3.25,5,2.83333333333333,1
36,5.33333333333333,4,3,5,4,3,3.5,"female",23,2,7,1,5,7,5.33333333333333,3.33333333333333,4,3.66666666666667,2.5,3.8,2,4.42857142857143,4.71428571428571,4.42857142857143,4,4.33333333333333,3,4,2.33333333333333,4.66666666666667,3.84615384615385,5,2.25,4.25,5,3.75,4,5.25,4.66666666666667,3.25
36,5.66666666666667,6,3,5,5,3,3.5,"female",23,2,7,1,5,7,5.66666666666667,6.33333333333333,5.33333333333333,5.66666666666667,3,3.8,2,4.42857142857143,4.71428571428571,4.42857142857143,4,4.33333333333333,3,4,2.33333333333333,4.66666666666667,3.84615384615385,5,2.25,4.25,5,3.75,4,5.25,4.66666666666667,3.25
36,5,2,2,4,3,3,3.5,"female",23,2,7,1,5,7,5,6.33333333333333,5.66666666666667,5,2,3.8,2,4.42857142857143,4.71428571428571,4.42857142857143,4,4.33333333333333,3,4,2.33333333333333,4.66666666666667,3.84615384615385,5,2.25,4.25,5,3.75,4,5.25,4.66666666666667,3.25
36,2.66666666666667,1,2,2,6,3,3.5,"female",23,2,7,1,5,7,2.66666666666667,3.33333333333333,1.33333333333333,2.33333333333333,2,3.8,2,4.42857142857143,4.71428571428571,4.42857142857143,4,4.33333333333333,3,4,2.33333333333333,4.66666666666667,3.84615384615385,5,2.25,4.25,5,3.75,4,5.25,4.66666666666667,3.25
36,3,5,2,5,5,3,3.5,"female",23,2,7,1,5,7,3,4.66666666666667,3,2,2,3.8,2,4.42857142857143,4.71428571428571,4.42857142857143,4,4.33333333333333,3,4,2.33333333333333,4.66666666666667,3.84615384615385,5,2.25,4.25,5,3.75,4,5.25,4.66666666666667,3.25
36,2,3,2,3,3,3,3.5,"female",23,2,7,1,5,7,2,3.33333333333333,3.66666666666667,1.33333333333333,5,3.8,2,4.42857142857143,4.71428571428571,4.42857142857143,4,4.33333333333333,3,4,2.33333333333333,4.66666666666667,3.84615384615385,5,2.25,4.25,5,3.75,4,5.25,4.66666666666667,3.25
36,3.66666666666667,5,1,5,4,3,3.5,"female",23,2,7,1,5,7,3.66666666666667,1.66666666666667,1.33333333333333,2.33333333333333,1.5,3.8,2,4.42857142857143,4.71428571428571,4.42857142857143,4,4.33333333333333,3,4,2.33333333333333,4.66666666666667,3.84615384615385,5,2.25,4.25,5,3.75,4,5.25,4.66666666666667,3.25
36,5,3,2,5,1,3,3.5,"female",23,2,7,1,5,7,5,2,3,1.33333333333333,1.5,3.8,2,4.42857142857143,4.71428571428571,4.42857142857143,4,4.33333333333333,3,4,2.33333333333333,4.66666666666667,3.84615384615385,5,2.25,4.25,5,3.75,4,5.25,4.66666666666667,3.25
36,5.66666666666667,7,5,6,7,3,3.5,"female",23,2,7,1,5,7,5.66666666666667,6,3.66666666666667,1.66666666666667,1.5,3.8,2,4.42857142857143,4.71428571428571,4.42857142857143,4,4.33333333333333,3,4,2.33333333333333,4.66666666666667,3.84615384615385,5,2.25,4.25,5,3.75,4,5.25,4.66666666666667,3.25
36,2.66666666666667,1,3,5,7,3,3.5,"female",23,2,7,1,5,7,2.66666666666667,5.33333333333333,5.66666666666667,6.33333333333333,5,3.8,2,4.42857142857143,4.71428571428571,4.42857142857143,4,4.33333333333333,3,4,2.33333333333333,4.66666666666667,3.84615384615385,5,2.25,4.25,5,3.75,4,5.25,4.66666666666667,3.25
27,7,5,5,5,6,8,2.75,"female",65,4,2,0,5,3,7,7,7,7,1.5,2.2,1.5,6,6.42857142857143,3.42857142857143,5,3.66666666666667,5,2.33333333333333,2.33333333333333,3.66666666666667,6.69230769230769,4.71428571428571,6,3.5,4.75,4.25,5,5.75,1.66666666666667,2.75
27,3.33333333333333,2,1,2,5,8,2.75,"female",65,4,2,0,5,3,3.33333333333333,4,4,1,1.5,2.2,1.5,6,6.42857142857143,3.42857142857143,5,3.66666666666667,5,2.33333333333333,2.33333333333333,3.66666666666667,6.69230769230769,4.71428571428571,6,3.5,4.75,4.25,5,5.75,1.66666666666667,2.75
27,7,6,5,6,6,8,2.75,"female",65,4,2,0,5,3,7,7,7,7,1.5,2.2,1.5,6,6.42857142857143,3.42857142857143,5,3.66666666666667,5,2.33333333333333,2.33333333333333,3.66666666666667,6.69230769230769,4.71428571428571,6,3.5,4.75,4.25,5,5.75,1.66666666666667,2.75
27,6.66666666666667,6,1,5,6,8,2.75,"female",65,4,2,0,5,3,6.66666666666667,6.33333333333333,6,3,1.5,2.2,1.5,6,6.42857142857143,3.42857142857143,5,3.66666666666667,5,2.33333333333333,2.33333333333333,3.66666666666667,6.69230769230769,4.71428571428571,6,3.5,4.75,4.25,5,5.75,1.66666666666667,2.75
27,7,5,5,6,7,8,2.75,"female",65,4,2,0,5,3,7,7,6,6,1.5,2.2,1.5,6,6.42857142857143,3.42857142857143,5,3.66666666666667,5,2.33333333333333,2.33333333333333,3.66666666666667,6.69230769230769,4.71428571428571,6,3.5,4.75,4.25,5,5.75,1.66666666666667,2.75
27,2,6,1,1,2,8,2.75,"female",65,4,2,0,5,3,2,1,1.33333333333333,1,1,2.2,1.5,6,6.42857142857143,3.42857142857143,5,3.66666666666667,5,2.33333333333333,2.33333333333333,3.66666666666667,6.69230769230769,4.71428571428571,6,3.5,4.75,4.25,5,5.75,1.66666666666667,2.75
27,7,7,2,7,6,8,2.75,"female",65,4,2,0,5,3,7,7,6.33333333333333,4,1.5,2.2,1.5,6,6.42857142857143,3.42857142857143,5,3.66666666666667,5,2.33333333333333,2.33333333333333,3.66666666666667,6.69230769230769,4.71428571428571,6,3.5,4.75,4.25,5,5.75,1.66666666666667,2.75
27,6.66666666666667,6,5,3,6,8,2.75,"female",65,4,2,0,5,3,6.66666666666667,5.66666666666667,4.33333333333333,1.66666666666667,1,2.2,1.5,6,6.42857142857143,3.42857142857143,5,3.66666666666667,5,2.33333333333333,2.33333333333333,3.66666666666667,6.69230769230769,4.71428571428571,6,3.5,4.75,4.25,5,5.75,1.66666666666667,2.75
27,7,4,5,5,6,8,2.75,"female",65,4,2,0,5,3,7,7,6.33333333333333,6.66666666666667,1.5,2.2,1.5,6,6.42857142857143,3.42857142857143,5,3.66666666666667,5,2.33333333333333,2.33333333333333,3.66666666666667,6.69230769230769,4.71428571428571,6,3.5,4.75,4.25,5,5.75,1.66666666666667,2.75
27,1,1,1,5,1,8,2.75,"female",65,4,2,0,5,3,1,1,6,1.33333333333333,1,2.2,1.5,6,6.42857142857143,3.42857142857143,5,3.66666666666667,5,2.33333333333333,2.33333333333333,3.66666666666667,6.69230769230769,4.71428571428571,6,3.5,4.75,4.25,5,5.75,1.66666666666667,2.75
29,6.33333333333333,5,4,5,5,8,2,"male",45,4,5,1,5,NA,6.33333333333333,5,5.66666666666667,5,2.5,3,4,6.14285714285714,6.71428571428571,1.71428571428571,4.33333333333333,4.33333333333333,3.33333333333333,3,2,4.33333333333333,5.46153846153846,5.28571428571429,7,2.5,4.5,5.5,7,6.75,4.16666666666667,4.125
29,5.66666666666667,5,3,5,6,8,2,"male",45,4,5,1,5,NA,5.66666666666667,6,5.66666666666667,6,5.5,3,4,6.14285714285714,6.71428571428571,1.71428571428571,4.33333333333333,4.33333333333333,3.33333333333333,3,2,4.33333333333333,5.46153846153846,5.28571428571429,7,2.5,4.5,5.5,7,6.75,4.16666666666667,4.125
29,6.66666666666667,5,4,5,3,8,2,"male",45,4,5,1,5,NA,6.66666666666667,5,5.66666666666667,6,6.5,3,4,6.14285714285714,6.71428571428571,1.71428571428571,4.33333333333333,4.33333333333333,3.33333333333333,3,2,4.33333333333333,5.46153846153846,5.28571428571429,7,2.5,4.5,5.5,7,6.75,4.16666666666667,4.125
29,6,6,5,5,5,8,2,"male",45,4,5,1,5,NA,6,6,5,5.33333333333333,4.5,3,4,6.14285714285714,6.71428571428571,1.71428571428571,4.33333333333333,4.33333333333333,3.33333333333333,3,2,4.33333333333333,5.46153846153846,5.28571428571429,7,2.5,4.5,5.5,7,6.75,4.16666666666667,4.125
29,6,6,5,6,5,8,2,"male",45,4,5,1,5,NA,6,5,5.66666666666667,6,5.5,3,4,6.14285714285714,6.71428571428571,1.71428571428571,4.33333333333333,4.33333333333333,3.33333333333333,3,2,4.33333333333333,5.46153846153846,5.28571428571429,7,2.5,4.5,5.5,7,6.75,4.16666666666667,4.125
29,6,5,4,6,5,8,2,"male",45,4,5,1,5,NA,6,5.66666666666667,5.33333333333333,5,4,3,4,6.14285714285714,6.71428571428571,1.71428571428571,4.33333333333333,4.33333333333333,3.33333333333333,3,2,4.33333333333333,5.46153846153846,5.28571428571429,7,2.5,4.5,5.5,7,6.75,4.16666666666667,4.125
29,6.66666666666667,3,4,2,7,8,2,"male",45,4,5,1,5,NA,6.66666666666667,4.66666666666667,2.66666666666667,2,1.5,3,4,6.14285714285714,6.71428571428571,1.71428571428571,4.33333333333333,4.33333333333333,3.33333333333333,3,2,4.33333333333333,5.46153846153846,5.28571428571429,7,2.5,4.5,5.5,7,6.75,4.16666666666667,4.125
29,6.66666666666667,4,3,5,6,8,2,"male",45,4,5,1,5,NA,6.66666666666667,5.66666666666667,5.66666666666667,5.66666666666667,2,3,4,6.14285714285714,6.71428571428571,1.71428571428571,4.33333333333333,4.33333333333333,3.33333333333333,3,2,4.33333333333333,5.46153846153846,5.28571428571429,7,2.5,4.5,5.5,7,6.75,4.16666666666667,4.125
29,3,4,2,6,2,8,2,"male",45,4,5,1,5,NA,3,2.33333333333333,3,3.33333333333333,2.5,3,4,6.14285714285714,6.71428571428571,1.71428571428571,4.33333333333333,4.33333333333333,3.33333333333333,3,2,4.33333333333333,5.46153846153846,5.28571428571429,7,2.5,4.5,5.5,7,6.75,4.16666666666667,4.125
29,7,3,7,6,7,8,2,"male",45,4,5,1,5,NA,7,6,5.33333333333333,5.33333333333333,5,3,4,6.14285714285714,6.71428571428571,1.71428571428571,4.33333333333333,4.33333333333333,3.33333333333333,3,2,4.33333333333333,5.46153846153846,5.28571428571429,7,2.5,4.5,5.5,7,6.75,4.16666666666667,4.125
1,3.66666666666667,3,2,4,3,5,2.5,"male",18,4,1,1,2,4,3.66666666666667,4.33333333333333,3,1,6,3.8,2,5.57142857142857,5.14285714285714,3.14285714285714,4.33333333333333,4.66666666666667,3.33333333333333,4.33333333333333,3,4.66666666666667,4.61538461538461,5.57142857142857,6,2.5,5.25,4.5,6,4.75,6,3.125
1,4.66666666666667,4,2,6,5,5,2.5,"male",18,4,1,1,2,4,4.66666666666667,3,2,1,4,3.8,2,5.57142857142857,5.14285714285714,3.14285714285714,4.33333333333333,4.66666666666667,3.33333333333333,4.33333333333333,3,4.66666666666667,4.61538461538461,5.57142857142857,6,2.5,5.25,4.5,6,4.75,6,3.125
1,2,2,2,1,3,5,2.5,"male",18,4,1,1,2,4,2,7,6,6,5.5,3.8,2,5.57142857142857,5.14285714285714,3.14285714285714,4.33333333333333,4.66666666666667,3.33333333333333,4.33333333333333,3,4.66666666666667,4.61538461538461,5.57142857142857,6,2.5,5.25,4.5,6,4.75,6,3.125
1,2.33333333333333,2,2,2,4,5,2.5,"male",18,4,1,1,2,4,2.33333333333333,4,2.66666666666667,1,5,3.8,2,5.57142857142857,5.14285714285714,3.14285714285714,4.33333333333333,4.66666666666667,3.33333333333333,4.33333333333333,3,4.66666666666667,4.61538461538461,5.57142857142857,6,2.5,5.25,4.5,6,4.75,6,3.125
1,3.66666666666667,5,2,5,6,5,2.5,"male",18,4,1,1,2,4,3.66666666666667,4.33333333333333,3.33333333333333,1,2.5,3.8,2,5.57142857142857,5.14285714285714,3.14285714285714,4.33333333333333,4.66666666666667,3.33333333333333,4.33333333333333,3,4.66666666666667,4.61538461538461,5.57142857142857,6,2.5,5.25,4.5,6,4.75,6,3.125
1,4,3,2,4,6,5,2.5,"male",18,4,1,1,2,4,4,3.33333333333333,2.66666666666667,1,2.5,3.8,2,5.57142857142857,5.14285714285714,3.14285714285714,4.33333333333333,4.66666666666667,3.33333333333333,4.33333333333333,3,4.66666666666667,4.61538461538461,5.57142857142857,6,2.5,5.25,4.5,6,4.75,6,3.125
1,5,5,1,5,5,5,2.5,"male",18,4,1,1,2,4,5,7,6.66666666666667,6.66666666666667,1,3.8,2,5.57142857142857,5.14285714285714,3.14285714285714,4.33333333333333,4.66666666666667,3.33333333333333,4.33333333333333,3,4.66666666666667,4.61538461538461,5.57142857142857,6,2.5,5.25,4.5,6,4.75,6,3.125
1,3,2,1,2,7,5,2.5,"male",18,4,1,1,2,4,3,1,1,1,1,3.8,2,5.57142857142857,5.14285714285714,3.14285714285714,4.33333333333333,4.66666666666667,3.33333333333333,4.33333333333333,3,4.66666666666667,4.61538461538461,5.57142857142857,6,2.5,5.25,4.5,6,4.75,6,3.125
1,4.33333333333333,5,1,5,6,5,2.5,"male",18,4,1,1,2,4,4.33333333333333,4,2.66666666666667,1,2,3.8,2,5.57142857142857,5.14285714285714,3.14285714285714,4.33333333333333,4.66666666666667,3.33333333333333,4.33333333333333,3,4.66666666666667,4.61538461538461,5.57142857142857,6,2.5,5.25,4.5,6,4.75,6,3.125
1,5.66666666666667,5,3,5,7,5,2.5,"male",18,4,1,1,2,4,5.66666666666667,6.33333333333333,4.66666666666667,3.33333333333333,2,3.8,2,5.57142857142857,5.14285714285714,3.14285714285714,4.33333333333333,4.66666666666667,3.33333333333333,4.33333333333333,3,4.66666666666667,4.61538461538461,5.57142857142857,6,2.5,5.25,4.5,6,4.75,6,3.125
5,2,1,1,1,7,8,1.75,"male",26,4,2,0,4,3,2,1,1,1,1,2.8,3,4.85714285714286,4,3.14285714285714,3.66666666666667,2.33333333333333,2.66666666666667,2.33333333333333,1,3.66666666666667,5.23076923076923,1,2.75,1.75,5,3.75,5.75,5.5,1.66666666666667,1
5,1,4,1,7,4,8,1.75,"male",26,4,2,0,4,3,1,1,2.33333333333333,1,1,2.8,3,4.85714285714286,4,3.14285714285714,3.66666666666667,2.33333333333333,2.66666666666667,2.33333333333333,1,3.66666666666667,5.23076923076923,1,2.75,1.75,5,3.75,5.75,5.5,1.66666666666667,1
5,3.66666666666667,1,1,1,4,8,1.75,"male",26,4,2,0,4,3,3.66666666666667,7,7,7,6,2.8,3,4.85714285714286,4,3.14285714285714,3.66666666666667,2.33333333333333,2.66666666666667,2.33333333333333,1,3.66666666666667,5.23076923076923,1,2.75,1.75,5,3.75,5.75,5.5,1.66666666666667,1
5,4.33333333333333,1,6,1,4,8,1.75,"male",26,4,2,0,4,3,4.33333333333333,7,7,6.66666666666667,5.5,2.8,3,4.85714285714286,4,3.14285714285714,3.66666666666667,2.33333333333333,2.66666666666667,2.33333333333333,1,3.66666666666667,5.23076923076923,1,2.75,1.75,5,3.75,5.75,5.5,1.66666666666667,1
5,3.33333333333333,6,4,1,2,8,1.75,"male",26,4,2,0,4,3,3.33333333333333,6.66666666666667,6.33333333333333,2.33333333333333,5.5,2.8,3,4.85714285714286,4,3.14285714285714,3.66666666666667,2.33333333333333,2.66666666666667,2.33333333333333,1,3.66666666666667,5.23076923076923,1,2.75,1.75,5,3.75,5.75,5.5,1.66666666666667,1
5,2.66666666666667,1,1,1,6,8,1.75,"male",26,4,2,0,4,3,2.66666666666667,4.33333333333333,4.33333333333333,1.33333333333333,3,2.8,3,4.85714285714286,4,3.14285714285714,3.66666666666667,2.33333333333333,2.66666666666667,2.33333333333333,1,3.66666666666667,5.23076923076923,1,2.75,1.75,5,3.75,5.75,5.5,1.66666666666667,1
5,2.66666666666667,5,1,1,6,8,1.75,"male",26,4,2,0,4,3,2.66666666666667,4.66666666666667,5.33333333333333,2.33333333333333,3,2.8,3,4.85714285714286,4,3.14285714285714,3.66666666666667,2.33333333333333,2.66666666666667,2.33333333333333,1,3.66666666666667,5.23076923076923,1,2.75,1.75,5,3.75,5.75,5.5,1.66666666666667,1
5,3.33333333333333,7,2,1,2,8,1.75,"male",26,4,2,0,4,3,3.33333333333333,6.66666666666667,6.33333333333333,2.33333333333333,5,2.8,3,4.85714285714286,4,3.14285714285714,3.66666666666667,2.33333333333333,2.66666666666667,2.33333333333333,1,3.66666666666667,5.23076923076923,1,2.75,1.75,5,3.75,5.75,5.5,1.66666666666667,1
5,4,5,3,1,4,8,1.75,"male",26,4,2,0,4,3,4,7,7,6.33333333333333,2.5,2.8,3,4.85714285714286,4,3.14285714285714,3.66666666666667,2.33333333333333,2.66666666666667,2.33333333333333,1,3.66666666666667,5.23076923076923,1,2.75,1.75,5,3.75,5.75,5.5,1.66666666666667,1
5,2.33333333333333,3,3,1,6,8,1.75,"male",26,4,2,0,4,3,2.33333333333333,6,5.33333333333333,1,3,2.8,3,4.85714285714286,4,3.14285714285714,3.66666666666667,2.33333333333333,2.66666666666667,2.33333333333333,1,3.66666666666667,5.23076923076923,1,2.75,1.75,5,3.75,5.75,5.5,1.66666666666667,1
8,4.33333333333333,6,1,5,4,5,3,"male",22,4,1,1,2,1,4.33333333333333,4,1,1,1,4,3.5,4.85714285714286,6.14285714285714,4.57142857142857,4.66666666666667,3.66666666666667,4.33333333333333,3.66666666666667,1.66666666666667,3.66666666666667,5.92307692307692,5,4.25,3.75,5.25,3,3.75,6,3.16666666666667,1.5
8,6.66666666666667,4,4,4,7,5,3,"male",22,4,1,1,2,1,6.66666666666667,7,7,6.66666666666667,4,4,3.5,4.85714285714286,6.14285714285714,4.57142857142857,4.66666666666667,3.66666666666667,4.33333333333333,3.66666666666667,1.66666666666667,3.66666666666667,5.92307692307692,5,4.25,3.75,5.25,3,3.75,6,3.16666666666667,1.5
8,3.66666666666667,1,1,1,2,5,3,"male",22,4,1,1,2,1,3.66666666666667,7,7,7,5.5,4,3.5,4.85714285714286,6.14285714285714,4.57142857142857,4.66666666666667,3.66666666666667,4.33333333333333,3.66666666666667,1.66666666666667,3.66666666666667,5.92307692307692,5,4.25,3.75,5.25,3,3.75,6,3.16666666666667,1.5
8,5.33333333333333,4,1,4,4,5,3,"male",22,4,1,1,2,1,5.33333333333333,7,7,7,4,4,3.5,4.85714285714286,6.14285714285714,4.57142857142857,4.66666666666667,3.66666666666667,4.33333333333333,3.66666666666667,1.66666666666667,3.66666666666667,5.92307692307692,5,4.25,3.75,5.25,3,3.75,6,3.16666666666667,1.5
8,7,4,5,4,7,5,3,"male",22,4,1,1,2,1,7,7,7,7,2,4,3.5,4.85714285714286,6.14285714285714,4.57142857142857,4.66666666666667,3.66666666666667,4.33333333333333,3.66666666666667,1.66666666666667,3.66666666666667,5.92307692307692,5,4.25,3.75,5.25,3,3.75,6,3.16666666666667,1.5
8,6.66666666666667,4,3,4,7,5,3,"male",22,4,1,1,2,1,6.66666666666667,7,6.66666666666667,6.66666666666667,4,4,3.5,4.85714285714286,6.14285714285714,4.57142857142857,4.66666666666667,3.66666666666667,4.33333333333333,3.66666666666667,1.66666666666667,3.66666666666667,5.92307692307692,5,4.25,3.75,5.25,3,3.75,6,3.16666666666667,1.5
8,6.66666666666667,4,4,3,7,5,3,"male",22,4,1,1,2,1,6.66666666666667,7,7,7,4,4,3.5,4.85714285714286,6.14285714285714,4.57142857142857,4.66666666666667,3.66666666666667,4.33333333333333,3.66666666666667,1.66666666666667,3.66666666666667,5.92307692307692,5,4.25,3.75,5.25,3,3.75,6,3.16666666666667,1.5
8,6,5,1,1,5,5,3,"male",22,4,1,1,2,1,6,6,5.66666666666667,2.33333333333333,2,4,3.5,4.85714285714286,6.14285714285714,4.57142857142857,4.66666666666667,3.66666666666667,4.33333333333333,3.66666666666667,1.66666666666667,3.66666666666667,5.92307692307692,5,4.25,3.75,5.25,3,3.75,6,3.16666666666667,1.5
8,6,3,1,1,5,5,3,"male",22,4,1,1,2,1,6,6,6,3.66666666666667,6,4,3.5,4.85714285714286,6.14285714285714,4.57142857142857,4.66666666666667,3.66666666666667,4.33333333333333,3.66666666666667,1.66666666666667,3.66666666666667,5.92307692307692,5,4.25,3.75,5.25,3,3.75,6,3.16666666666667,1.5
8,7,7,7,7,4,5,3,"male",22,4,1,1,2,1,7,7,7,7,4.5,4,3.5,4.85714285714286,6.14285714285714,4.57142857142857,4.66666666666667,3.66666666666667,4.33333333333333,3.66666666666667,1.66666666666667,3.66666666666667,5.92307692307692,5,4.25,3.75,5.25,3,3.75,6,3.16666666666667,1.5
24,7,5,6,6,7,5,4,"female",55,4,3,1,2,4,7,7,6,4,4,4.4,3.25,6,6.85714285714286,5.14285714285714,4.33333333333333,5,4.33333333333333,1.66666666666667,2.66666666666667,5,5.07692307692308,4.57142857142857,5,5.75,4.25,3,4,6,2.83333333333333,1.625
24,6.33333333333333,6,5,4,7,5,4,"female",55,4,3,1,2,4,6.33333333333333,7,6.66666666666667,6.66666666666667,2.5,4.4,3.25,6,6.85714285714286,5.14285714285714,4.33333333333333,5,4.33333333333333,1.66666666666667,2.66666666666667,5,5.07692307692308,4.57142857142857,5,5.75,4.25,3,4,6,2.83333333333333,1.625
24,7,3,5,3,7,5,4,"female",55,4,3,1,2,4,7,6.66666666666667,5.33333333333333,6.33333333333333,2,4.4,3.25,6,6.85714285714286,5.14285714285714,4.33333333333333,5,4.33333333333333,1.66666666666667,2.66666666666667,5,5.07692307692308,4.57142857142857,5,5.75,4.25,3,4,6,2.83333333333333,1.625
24,5.66666666666667,5,6,5,6,5,4,"female",55,4,3,1,2,4,5.66666666666667,7,6.66666666666667,6.66666666666667,5,4.4,3.25,6,6.85714285714286,5.14285714285714,4.33333333333333,5,4.33333333333333,1.66666666666667,2.66666666666667,5,5.07692307692308,4.57142857142857,5,5.75,4.25,3,4,6,2.83333333333333,1.625
24,4.33333333333333,1,1,1,6,5,4,"female",55,4,3,1,2,4,4.33333333333333,4.66666666666667,4.33333333333333,1,5.5,4.4,3.25,6,6.85714285714286,5.14285714285714,4.33333333333333,5,4.33333333333333,1.66666666666667,2.66666666666667,5,5.07692307692308,4.57142857142857,5,5.75,4.25,3,4,6,2.83333333333333,1.625
24,6,5,2,2,3,5,4,"female",55,4,3,1,2,4,6,5.66666666666667,5,1.33333333333333,7,4.4,3.25,6,6.85714285714286,5.14285714285714,4.33333333333333,5,4.33333333333333,1.66666666666667,2.66666666666667,5,5.07692307692308,4.57142857142857,5,5.75,4.25,3,4,6,2.83333333333333,1.625
24,5.66666666666667,5,7,6,5,5,4,"female",55,4,3,1,2,4,5.66666666666667,7,6.66666666666667,6.66666666666667,5,4.4,3.25,6,6.85714285714286,5.14285714285714,4.33333333333333,5,4.33333333333333,1.66666666666667,2.66666666666667,5,5.07692307692308,4.57142857142857,5,5.75,4.25,3,4,6,2.83333333333333,1.625
24,6,6,2,2,6,5,4,"female",55,4,3,1,2,4,6,5,4.33333333333333,1,1,4.4,3.25,6,6.85714285714286,5.14285714285714,4.33333333333333,5,4.33333333333333,1.66666666666667,2.66666666666667,5,5.07692307692308,4.57142857142857,5,5.75,4.25,3,4,6,2.83333333333333,1.625
24,5.66666666666667,6,6,7,5,5,4,"female",55,4,3,1,2,4,5.66666666666667,7,6.66666666666667,7,2,4.4,3.25,6,6.85714285714286,5.14285714285714,4.33333333333333,5,4.33333333333333,1.66666666666667,2.66666666666667,5,5.07692307692308,4.57142857142857,5,5.75,4.25,3,4,6,2.83333333333333,1.625
24,6.33333333333333,5,5,3,7,5,4,"female",55,4,3,1,2,4,6.33333333333333,7,6.66666666666667,6.66666666666667,2,4.4,3.25,6,6.85714285714286,5.14285714285714,4.33333333333333,5,4.33333333333333,1.66666666666667,2.66666666666667,5,5.07692307692308,4.57142857142857,5,5.75,4.25,3,4,6,2.83333333333333,1.625
43,1.66666666666667,1,1,1,5,5,3.75,"male",21,3,6,1,2,3,1.66666666666667,3.66666666666667,3,1,3,5.8,1,5.57142857142857,5.71428571428571,4.85714285714286,5,5,4,4.33333333333333,5,5,5.15384615384615,5.71428571428571,4,3.25,5.5,4.75,4.75,4.25,5.66666666666667,3.75
43,5,6,6,2,7,5,3.75,"male",21,3,6,1,2,3,5,6.66666666666667,7,6.33333333333333,3,5.8,1,5.57142857142857,5.71428571428571,4.85714285714286,5,5,4,4.33333333333333,5,5,5.15384615384615,5.71428571428571,4,3.25,5.5,4.75,4.75,4.25,5.66666666666667,3.75
43,2.33333333333333,1,1,5,6,5,3.75,"male",21,3,6,1,2,3,2.33333333333333,3.66666666666667,2.66666666666667,1,2,5.8,1,5.57142857142857,5.71428571428571,4.85714285714286,5,5,4,4.33333333333333,5,5,5.15384615384615,5.71428571428571,4,3.25,5.5,4.75,4.75,4.25,5.66666666666667,3.75
43,5.33333333333333,7,7,7,7,5,3.75,"male",21,3,6,1,2,3,5.33333333333333,6.66666666666667,7,7,3,5.8,1,5.57142857142857,5.71428571428571,4.85714285714286,5,5,4,4.33333333333333,5,5,5.15384615384615,5.71428571428571,4,3.25,5.5,4.75,4.75,4.25,5.66666666666667,3.75
43,3.66666666666667,5,7,2,7,5,3.75,"male",21,3,6,1,2,3,3.66666666666667,6.66666666666667,7,6,3,5.8,1,5.57142857142857,5.71428571428571,4.85714285714286,5,5,4,4.33333333333333,5,5,5.15384615384615,5.71428571428571,4,3.25,5.5,4.75,4.75,4.25,5.66666666666667,3.75
43,4.66666666666667,6,1,1,6,5,3.75,"male",21,3,6,1,2,3,4.66666666666667,4,2.66666666666667,1,2,5.8,1,5.57142857142857,5.71428571428571,4.85714285714286,5,5,4,4.33333333333333,5,5,5.15384615384615,5.71428571428571,4,3.25,5.5,4.75,4.75,4.25,5.66666666666667,3.75
43,1.33333333333333,1,1,1,5,5,3.75,"male",21,3,6,1,2,3,1.33333333333333,4,3,1,3,5.8,1,5.57142857142857,5.71428571428571,4.85714285714286,5,5,4,4.33333333333333,5,5,5.15384615384615,5.71428571428571,4,3.25,5.5,4.75,4.75,4.25,5.66666666666667,3.75
43,4.66666666666667,4,2,5,2,5,3.75,"male",21,3,6,1,2,3,4.66666666666667,1,6,2.66666666666667,2.5,5.8,1,5.57142857142857,5.71428571428571,4.85714285714286,5,5,4,4.33333333333333,5,5,5.15384615384615,5.71428571428571,4,3.25,5.5,4.75,4.75,4.25,5.66666666666667,3.75
43,2.66666666666667,5,4,2,4,5,3.75,"male",21,3,6,1,2,3,2.66666666666667,1,7,4.66666666666667,2,5.8,1,5.57142857142857,5.71428571428571,4.85714285714286,5,5,4,4.33333333333333,5,5,5.15384615384615,5.71428571428571,4,3.25,5.5,4.75,4.75,4.25,5.66666666666667,3.75
43,5.33333333333333,7,6,5,7,5,3.75,"male",21,3,6,1,2,3,5.33333333333333,6.66666666666667,7,5.66666666666667,2,5.8,1,5.57142857142857,5.71428571428571,4.85714285714286,5,5,4,4.33333333333333,5,5,5.15384615384615,5.71428571428571,4,3.25,5.5,4.75,4.75,4.25,5.66666666666667,3.75
33,4.66666666666667,3,2,4,5,5,4.75,"female",31,4,7,1,4,7,4.66666666666667,3.66666666666667,6.66666666666667,5.66666666666667,4.5,4.4,5.25,4.85714285714286,4.42857142857143,4.57142857142857,3.66666666666667,3,1.66666666666667,4,3,4.33333333333333,3.76923076923077,4.42857142857143,2,4,3.75,3.5,4.25,4.5,4.33333333333333,4.25
33,3.66666666666667,3,2,2,5,5,4.75,"female",31,4,7,1,4,7,3.66666666666667,3.66666666666667,6,6,6.5,4.4,5.25,4.85714285714286,4.42857142857143,4.57142857142857,3.66666666666667,3,1.66666666666667,4,3,4.33333333333333,3.76923076923077,4.42857142857143,2,4,3.75,3.5,4.25,4.5,4.33333333333333,4.25
33,4.33333333333333,2,3,1,5,5,4.75,"female",31,4,7,1,4,7,4.33333333333333,4.33333333333333,6.66666666666667,5,7,4.4,5.25,4.85714285714286,4.42857142857143,4.57142857142857,3.66666666666667,3,1.66666666666667,4,3,4.33333333333333,3.76923076923077,4.42857142857143,2,4,3.75,3.5,4.25,4.5,4.33333333333333,4.25
33,4.33333333333333,2,3,3,3,5,4.75,"female",31,4,7,1,4,7,4.33333333333333,4,5,5.66666666666667,3,4.4,5.25,4.85714285714286,4.42857142857143,4.57142857142857,3.66666666666667,3,1.66666666666667,4,3,4.33333333333333,3.76923076923077,4.42857142857143,2,4,3.75,3.5,4.25,4.5,4.33333333333333,4.25
33,6.33333333333333,7,4,7,6,5,4.75,"female",31,4,7,1,4,7,6.33333333333333,4,6.66666666666667,6,3,4.4,5.25,4.85714285714286,4.42857142857143,4.57142857142857,3.66666666666667,3,1.66666666666667,4,3,4.33333333333333,3.76923076923077,4.42857142857143,2,4,3.75,3.5,4.25,4.5,4.33333333333333,4.25
33,3.66666666666667,6,5,7,4,5,4.75,"female",31,4,7,1,4,7,3.66666666666667,4.33333333333333,6.33333333333333,5.66666666666667,1.5,4.4,5.25,4.85714285714286,4.42857142857143,4.57142857142857,3.66666666666667,3,1.66666666666667,4,3,4.33333333333333,3.76923076923077,4.42857142857143,2,4,3.75,3.5,4.25,4.5,4.33333333333333,4.25
33,4.66666666666667,1,3,2,4,5,4.75,"female",31,4,7,1,4,7,4.66666666666667,3.66666666666667,2.66666666666667,6.33333333333333,5.5,4.4,5.25,4.85714285714286,4.42857142857143,4.57142857142857,3.66666666666667,3,1.66666666666667,4,3,4.33333333333333,3.76923076923077,4.42857142857143,2,4,3.75,3.5,4.25,4.5,4.33333333333333,4.25
33,4.33333333333333,4,5,4,5,5,4.75,"female",31,4,7,1,4,7,4.33333333333333,4.33333333333333,6.66666666666667,5,4.5,4.4,5.25,4.85714285714286,4.42857142857143,4.57142857142857,3.66666666666667,3,1.66666666666667,4,3,4.33333333333333,3.76923076923077,4.42857142857143,2,4,3.75,3.5,4.25,4.5,4.33333333333333,4.25
33,4.66666666666667,2,2,4,4,5,4.75,"female",31,4,7,1,4,7,4.66666666666667,3.66666666666667,6.66666666666667,5.66666666666667,4,4.4,5.25,4.85714285714286,4.42857142857143,4.57142857142857,3.66666666666667,3,1.66666666666667,4,3,4.33333333333333,3.76923076923077,4.42857142857143,2,4,3.75,3.5,4.25,4.5,4.33333333333333,4.25
33,3.66666666666667,1,3,2,5,5,4.75,"female",31,4,7,1,4,7,3.66666666666667,4.33333333333333,6.33333333333333,5,7,4.4,5.25,4.85714285714286,4.42857142857143,4.57142857142857,3.66666666666667,3,1.66666666666667,4,3,4.33333333333333,3.76923076923077,4.42857142857143,2,4,3.75,3.5,4.25,4.5,4.33333333333333,4.25
19,5.33333333333333,4,5,5,5,5,3.75,"female",31,4,6,1,5,6,5.33333333333333,6.33333333333333,3.33333333333333,4.66666666666667,4.5,4.8,4.5,5,4.42857142857143,3.85714285714286,4,3.33333333333333,3.33333333333333,3.33333333333333,3.66666666666667,3.33333333333333,3.92307692307692,4.42857142857143,2.75,3.75,3.75,4,5,4.75,3.5,3.625
19,5.66666666666667,5,3,5,4,5,3.75,"female",31,4,6,1,5,6,5.66666666666667,5.66666666666667,6,6,5.5,4.8,4.5,5,4.42857142857143,3.85714285714286,4,3.33333333333333,3.33333333333333,3.33333333333333,3.66666666666667,3.33333333333333,3.92307692307692,4.42857142857143,2.75,3.75,3.75,4,5,4.75,3.5,3.625
19,5.33333333333333,5,4,6,6,5,3.75,"female",31,4,6,1,5,6,5.33333333333333,6.33333333333333,4,4.33333333333333,1,4.8,4.5,5,4.42857142857143,3.85714285714286,4,3.33333333333333,3.33333333333333,3.33333333333333,3.66666666666667,3.33333333333333,3.92307692307692,4.42857142857143,2.75,3.75,3.75,4,5,4.75,3.5,3.625
19,4,3,1,7,5,5,3.75,"female",31,4,6,1,5,6,4,4.66666666666667,6.33333333333333,4,6.5,4.8,4.5,5,4.42857142857143,3.85714285714286,4,3.33333333333333,3.33333333333333,3.33333333333333,3.66666666666667,3.33333333333333,3.92307692307692,4.42857142857143,2.75,3.75,3.75,4,5,4.75,3.5,3.625
19,4.66666666666667,6,2,5,6,5,3.75,"female",31,4,6,1,5,6,4.66666666666667,5.66666666666667,3.33333333333333,5.66666666666667,5.5,4.8,4.5,5,4.42857142857143,3.85714285714286,4,3.33333333333333,3.33333333333333,3.33333333333333,3.66666666666667,3.33333333333333,3.92307692307692,4.42857142857143,2.75,3.75,3.75,4,5,4.75,3.5,3.625
19,5.66666666666667,3,2,5,3,5,3.75,"female",31,4,6,1,5,6,5.66666666666667,4.33333333333333,3.66666666666667,3.66666666666667,6,4.8,4.5,5,4.42857142857143,3.85714285714286,4,3.33333333333333,3.33333333333333,3.33333333333333,3.66666666666667,3.33333333333333,3.92307692307692,4.42857142857143,2.75,3.75,3.75,4,5,4.75,3.5,3.625
19,4.66666666666667,6,4,6,4,5,3.75,"female",31,4,6,1,5,6,4.66666666666667,6,5.66666666666667,6,5.5,4.8,4.5,5,4.42857142857143,3.85714285714286,4,3.33333333333333,3.33333333333333,3.33333333333333,3.66666666666667,3.33333333333333,3.92307692307692,4.42857142857143,2.75,3.75,3.75,4,5,4.75,3.5,3.625
19,5.66666666666667,6,5,6,5,5,3.75,"female",31,4,6,1,5,6,5.66666666666667,5.66666666666667,4.33333333333333,5,6.5,4.8,4.5,5,4.42857142857143,3.85714285714286,4,3.33333333333333,3.33333333333333,3.33333333333333,3.66666666666667,3.33333333333333,3.92307692307692,4.42857142857143,2.75,3.75,3.75,4,5,4.75,3.5,3.625
19,4.33333333333333,5,6,6,6,5,3.75,"female",31,4,6,1,5,6,4.33333333333333,6.33333333333333,5.33333333333333,6,4.5,4.8,4.5,5,4.42857142857143,3.85714285714286,4,3.33333333333333,3.33333333333333,3.33333333333333,3.66666666666667,3.33333333333333,3.92307692307692,4.42857142857143,2.75,3.75,3.75,4,5,4.75,3.5,3.625
19,5,6,4,6,4,5,3.75,"female",31,4,6,1,5,6,5,6,4.66666666666667,6,5,4.8,4.5,5,4.42857142857143,3.85714285714286,4,3.33333333333333,3.33333333333333,3.33333333333333,3.66666666666667,3.33333333333333,3.92307692307692,4.42857142857143,2.75,3.75,3.75,4,5,4.75,3.5,3.625
25,7,5,3,7,6,3,3,"male",32,4,3,1,2,2,7,5.66666666666667,3.66666666666667,2,1.5,4.8,2,4.85714285714286,5.71428571428571,3,5,4.66666666666667,4,2.66666666666667,2.33333333333333,4,5.15384615384615,4.85714285714286,5,3.5,4.5,4,4,6,1.66666666666667,1
25,7,4,3,7,4,3,3,"male",32,4,3,1,2,2,7,5.66666666666667,4,2,4.5,4.8,2,4.85714285714286,5.71428571428571,3,5,4.66666666666667,4,2.66666666666667,2.33333333333333,4,5.15384615384615,4.85714285714286,5,3.5,4.5,4,4,6,1.66666666666667,1
25,7,4,7,7,3,3,3,"male",32,4,3,1,2,2,7,7,7,7,3,4.8,2,4.85714285714286,5.71428571428571,3,5,4.66666666666667,4,2.66666666666667,2.33333333333333,4,5.15384615384615,4.85714285714286,5,3.5,4.5,4,4,6,1.66666666666667,1
25,7,5,6,7,5,3,3,"male",32,4,3,1,2,2,7,7,7,7,1.5,4.8,2,4.85714285714286,5.71428571428571,3,5,4.66666666666667,4,2.66666666666667,2.33333333333333,4,5.15384615384615,4.85714285714286,5,3.5,4.5,4,4,6,1.66666666666667,1
25,7,7,1,7,7,3,3,"male",32,4,3,1,2,2,7,2,1.66666666666667,1,1.5,4.8,2,4.85714285714286,5.71428571428571,3,5,4.66666666666667,4,2.66666666666667,2.33333333333333,4,5.15384615384615,4.85714285714286,5,3.5,4.5,4,4,6,1.66666666666667,1
25,7,4,6,7,4,3,3,"male",32,4,3,1,2,2,7,7,7,7,4,4.8,2,4.85714285714286,5.71428571428571,3,5,4.66666666666667,4,2.66666666666667,2.33333333333333,4,5.15384615384615,4.85714285714286,5,3.5,4.5,4,4,6,1.66666666666667,1
25,7,5,3,7,6,3,3,"male",32,4,3,1,2,2,7,5.66666666666667,4.66666666666667,2.33333333333333,3.5,4.8,2,4.85714285714286,5.71428571428571,3,5,4.66666666666667,4,2.66666666666667,2.33333333333333,4,5.15384615384615,4.85714285714286,5,3.5,4.5,4,4,6,1.66666666666667,1
25,7,6,4,7,2,3,3,"male",32,4,3,1,2,2,7,6,6,4,5,4.8,2,4.85714285714286,5.71428571428571,3,5,4.66666666666667,4,2.66666666666667,2.33333333333333,4,5.15384615384615,4.85714285714286,5,3.5,4.5,4,4,6,1.66666666666667,1
25,7,5,7,7,7,3,3,"male",32,4,3,1,2,2,7,7,7,7,1.5,4.8,2,4.85714285714286,5.71428571428571,3,5,4.66666666666667,4,2.66666666666667,2.33333333333333,4,5.15384615384615,4.85714285714286,5,3.5,4.5,4,4,6,1.66666666666667,1
25,7,5,3,7,6,3,3,"male",32,4,3,1,2,2,7,6,4.33333333333333,2.33333333333333,2.5,4.8,2,4.85714285714286,5.71428571428571,3,5,4.66666666666667,4,2.66666666666667,2.33333333333333,4,5.15384615384615,4.85714285714286,5,3.5,4.5,4,4,6,1.66666666666667,1
30,6,2,1,1,5,5,3.25,"female",28,3,5,1,4,7,6,5,6,5.66666666666667,1.5,4.2,2.75,5.57142857142857,6.42857142857143,2.85714285714286,5,4,4.33333333333333,4.33333333333333,4.33333333333333,4,4.46153846153846,5.14285714285714,4,2.25,3.5,3.25,3.75,3,5.5,2.625
30,2.66666666666667,1,1,2,2,5,3.25,"female",28,3,5,1,4,7,2.66666666666667,3.33333333333333,1.66666666666667,1.66666666666667,1.5,4.2,2.75,5.57142857142857,6.42857142857143,2.85714285714286,5,4,4.33333333333333,4.33333333333333,4.33333333333333,4,4.46153846153846,5.14285714285714,4,2.25,3.5,3.25,3.75,3,5.5,2.625
30,4,5,1,2,2,5,3.25,"female",28,3,5,1,4,7,4,5,4.33333333333333,1.66666666666667,5.5,4.2,2.75,5.57142857142857,6.42857142857143,2.85714285714286,5,4,4.33333333333333,4.33333333333333,4.33333333333333,4,4.46153846153846,5.14285714285714,4,2.25,3.5,3.25,3.75,3,5.5,2.625
30,3.33333333333333,1,1,1,3,5,3.25,"female",28,3,5,1,4,7,3.33333333333333,4.66666666666667,3,2.66666666666667,1.5,4.2,2.75,5.57142857142857,6.42857142857143,2.85714285714286,5,4,4.33333333333333,4.33333333333333,4.33333333333333,4,4.46153846153846,5.14285714285714,4,2.25,3.5,3.25,3.75,3,5.5,2.625
30,6.66666666666667,2,1,1,5,5,3.25,"female",28,3,5,1,4,7,6.66666666666667,5.66666666666667,6,6,2,4.2,2.75,5.57142857142857,6.42857142857143,2.85714285714286,5,4,4.33333333333333,4.33333333333333,4.33333333333333,4,4.46153846153846,5.14285714285714,4,2.25,3.5,3.25,3.75,3,5.5,2.625
30,6,3,1,1,4,5,3.25,"female",28,3,5,1,4,7,6,5.66666666666667,5.66666666666667,5.33333333333333,1,4.2,2.75,5.57142857142857,6.42857142857143,2.85714285714286,5,4,4.33333333333333,4.33333333333333,4.33333333333333,4,4.46153846153846,5.14285714285714,4,2.25,3.5,3.25,3.75,3,5.5,2.625
30,2,2,1,1,2,5,3.25,"female",28,3,5,1,4,7,2,4.33333333333333,1.66666666666667,1.33333333333333,1.5,4.2,2.75,5.57142857142857,6.42857142857143,2.85714285714286,5,4,4.33333333333333,4.33333333333333,4.33333333333333,4,4.46153846153846,5.14285714285714,4,2.25,3.5,3.25,3.75,3,5.5,2.625
30,5.33333333333333,2,2,2,2,5,3.25,"female",28,3,5,1,4,7,5.33333333333333,5.33333333333333,6.33333333333333,6.33333333333333,2,4.2,2.75,5.57142857142857,6.42857142857143,2.85714285714286,5,4,4.33333333333333,4.33333333333333,4.33333333333333,4,4.46153846153846,5.14285714285714,4,2.25,3.5,3.25,3.75,3,5.5,2.625
30,6.33333333333333,3,1,2,5,5,3.25,"female",28,3,5,1,4,7,6.33333333333333,5.66666666666667,6,5.66666666666667,2,4.2,2.75,5.57142857142857,6.42857142857143,2.85714285714286,5,4,4.33333333333333,4.33333333333333,4.33333333333333,4,4.46153846153846,5.14285714285714,4,2.25,3.5,3.25,3.75,3,5.5,2.625
30,6.33333333333333,5,2,1,1,5,3.25,"female",28,3,5,1,4,7,6.33333333333333,6,6.33333333333333,6,1,4.2,2.75,5.57142857142857,6.42857142857143,2.85714285714286,5,4,4.33333333333333,4.33333333333333,4.33333333333333,4,4.46153846153846,5.14285714285714,4,2.25,3.5,3.25,3.75,3,5.5,2.625
18,2.33333333333333,2,6,3,2,4,3,"male",37,3,4,0,4,2,2.33333333333333,4.33333333333333,1.33333333333333,1.33333333333333,3.5,4.2,4.25,4.85714285714286,4.85714285714286,3.71428571428571,3.66666666666667,3,3,3.33333333333333,3,3.66666666666667,4.23076923076923,5.42857142857143,3.25,4.5,4.25,4.25,4,5,4.5,4.25
18,1.66666666666667,3,6,2,2,4,3,"male",37,3,4,0,4,2,1.66666666666667,3.66666666666667,1.33333333333333,1.66666666666667,4.5,4.2,4.25,4.85714285714286,4.85714285714286,3.71428571428571,3.66666666666667,3,3,3.33333333333333,3,3.66666666666667,4.23076923076923,5.42857142857143,3.25,4.5,4.25,4.25,4,5,4.5,4.25
18,1.33333333333333,2,6,2,1,4,3,"male",37,3,4,0,4,2,1.33333333333333,5.33333333333333,2.33333333333333,1.66666666666667,6.5,4.2,4.25,4.85714285714286,4.85714285714286,3.71428571428571,3.66666666666667,3,3,3.33333333333333,3,3.66666666666667,4.23076923076923,5.42857142857143,3.25,4.5,4.25,4.25,4,5,4.5,4.25
18,4,6,6,6,4,4,3,"male",37,3,4,0,4,2,4,3.33333333333333,4.66666666666667,4,2,4.2,4.25,4.85714285714286,4.85714285714286,3.71428571428571,3.66666666666667,3,3,3.33333333333333,3,3.66666666666667,4.23076923076923,5.42857142857143,3.25,4.5,4.25,4.25,4,5,4.5,4.25
18,1.33333333333333,2,6,2,2,4,3,"male",37,3,4,0,4,2,1.33333333333333,4.33333333333333,1,1.66666666666667,5.5,4.2,4.25,4.85714285714286,4.85714285714286,3.71428571428571,3.66666666666667,3,3,3.33333333333333,3,3.66666666666667,4.23076923076923,5.42857142857143,3.25,4.5,4.25,4.25,4,5,4.5,4.25
18,6.66666666666667,6,6,6,6,4,3,"male",37,3,4,0,4,2,6.66666666666667,6,5,5.33333333333333,5,4.2,4.25,4.85714285714286,4.85714285714286,3.71428571428571,3.66666666666667,3,3,3.33333333333333,3,3.66666666666667,4.23076923076923,5.42857142857143,3.25,4.5,4.25,4.25,4,5,4.5,4.25
18,4,5,6,4,4,4,3,"male",37,3,4,0,4,2,4,6,4,4,6,4.2,4.25,4.85714285714286,4.85714285714286,3.71428571428571,3.66666666666667,3,3,3.33333333333333,3,3.66666666666667,4.23076923076923,5.42857142857143,3.25,4.5,4.25,4.25,4,5,4.5,4.25
18,4,6,6,5,4,4,3,"male",37,3,4,0,4,2,4,3.33333333333333,5,3.33333333333333,2.5,4.2,4.25,4.85714285714286,4.85714285714286,3.71428571428571,3.66666666666667,3,3,3.33333333333333,3,3.66666666666667,4.23076923076923,5.42857142857143,3.25,4.5,4.25,4.25,4,5,4.5,4.25
18,7,5,6,5,7,4,3,"male",37,3,4,0,4,2,7,4,2.33333333333333,2.66666666666667,2,4.2,4.25,4.85714285714286,4.85714285714286,3.71428571428571,3.66666666666667,3,3,3.33333333333333,3,3.66666666666667,4.23076923076923,5.42857142857143,3.25,4.5,4.25,4.25,4,5,4.5,4.25
18,6.33333333333333,6,6,6,5,4,3,"male",37,3,4,0,4,2,6.33333333333333,6,6,6,5,4.2,4.25,4.85714285714286,4.85714285714286,3.71428571428571,3.66666666666667,3,3,3.33333333333333,3,3.66666666666667,4.23076923076923,5.42857142857143,3.25,4.5,4.25,4.25,4,5,4.5,4.25
7,6,6,2,4,4,6,2.75,"male",31,3,4,1,5,6,6,6,6,6,4,4.8,2,5.14285714285714,6,4.85714285714286,2.66666666666667,4.33333333333333,2.66666666666667,4.33333333333333,3.33333333333333,4.66666666666667,4.23076923076923,4.42857142857143,5.25,3.75,6,4.5,6,5.5,5,3.75
7,6,6,4,6,4,6,2.75,"male",31,3,4,1,5,6,6,6,6,6,5,4.8,2,5.14285714285714,6,4.85714285714286,2.66666666666667,4.33333333333333,2.66666666666667,4.33333333333333,3.33333333333333,4.66666666666667,4.23076923076923,4.42857142857143,5.25,3.75,6,4.5,6,5.5,5,3.75
7,4.66666666666667,6,2,2,2,6,2.75,"male",31,3,4,1,5,6,4.66666666666667,2,2,2,1.5,4.8,2,5.14285714285714,6,4.85714285714286,2.66666666666667,4.33333333333333,2.66666666666667,4.33333333333333,3.33333333333333,4.66666666666667,4.23076923076923,4.42857142857143,5.25,3.75,6,4.5,6,5.5,5,3.75
7,6,6,4,4,4,6,2.75,"male",31,3,4,1,5,6,6,6,6,6,4,4.8,2,5.14285714285714,6,4.85714285714286,2.66666666666667,4.33333333333333,2.66666666666667,4.33333333333333,3.33333333333333,4.66666666666667,4.23076923076923,4.42857142857143,5.25,3.75,6,4.5,6,5.5,5,3.75
7,6,6,2,6,2,6,2.75,"male",31,3,4,1,5,6,6,3.33333333333333,3,2,1.5,4.8,2,5.14285714285714,6,4.85714285714286,2.66666666666667,4.33333333333333,2.66666666666667,4.33333333333333,3.33333333333333,4.66666666666667,4.23076923076923,4.42857142857143,5.25,3.75,6,4.5,6,5.5,5,3.75
7,3.33333333333333,6,2,2,2,6,2.75,"male",31,3,4,1,5,6,3.33333333333333,4.66666666666667,2,2,3.5,4.8,2,5.14285714285714,6,4.85714285714286,2.66666666666667,4.33333333333333,2.66666666666667,4.33333333333333,3.33333333333333,4.66666666666667,4.23076923076923,4.42857142857143,5.25,3.75,6,4.5,6,5.5,5,3.75
7,5.33333333333333,6,2,6,2,6,2.75,"male",31,3,4,1,5,6,5.33333333333333,4.66666666666667,3.33333333333333,2,4.5,4.8,2,5.14285714285714,6,4.85714285714286,2.66666666666667,4.33333333333333,2.66666666666667,4.33333333333333,3.33333333333333,4.66666666666667,4.23076923076923,4.42857142857143,5.25,3.75,6,4.5,6,5.5,5,3.75
7,5.33333333333333,4,4,4,4,6,2.75,"male",31,3,4,1,5,6,5.33333333333333,6,6,6,5,4.8,2,5.14285714285714,6,4.85714285714286,2.66666666666667,4.33333333333333,2.66666666666667,4.33333333333333,3.33333333333333,4.66666666666667,4.23076923076923,4.42857142857143,5.25,3.75,6,4.5,6,5.5,5,3.75
7,4,2,2,6,2,6,2.75,"male",31,3,4,1,5,6,4,4.66666666666667,3,2,3,4.8,2,5.14285714285714,6,4.85714285714286,2.66666666666667,4.33333333333333,2.66666666666667,4.33333333333333,3.33333333333333,4.66666666666667,4.23076923076923,4.42857142857143,5.25,3.75,6,4.5,6,5.5,5,3.75
7,6,4,4,4,4,6,2.75,"male",31,3,4,1,5,6,6,6,6,6,4.5,4.8,2,5.14285714285714,6,4.85714285714286,2.66666666666667,4.33333333333333,2.66666666666667,4.33333333333333,3.33333333333333,4.66666666666667,4.23076923076923,4.42857142857143,5.25,3.75,6,4.5,6,5.5,5,3.75
20,4.66666666666667,5,2,2,7,1,2,"male",23,4,4,0,2,4,4.66666666666667,7,4,1,6,3.2,4.5,5.14285714285714,6.14285714285714,5,3.66666666666667,3.33333333333333,3.33333333333333,1.66666666666667,1.66666666666667,4.33333333333333,5,3.57142857142857,3.75,1.75,5.25,2.25,4.5,5.75,4.16666666666667,2.75
20,5,1,2,4,4,1,2,"male",23,4,4,0,2,4,5,7,7,7,4.5,3.2,4.5,5.14285714285714,6.14285714285714,5,3.66666666666667,3.33333333333333,3.33333333333333,1.66666666666667,1.66666666666667,4.33333333333333,5,3.57142857142857,3.75,1.75,5.25,2.25,4.5,5.75,4.16666666666667,2.75
20,6,1,2,4,7,1,2,"male",23,4,4,0,2,4,6,1,1,1,1,3.2,4.5,5.14285714285714,6.14285714285714,5,3.66666666666667,3.33333333333333,3.33333333333333,1.66666666666667,1.66666666666667,4.33333333333333,5,3.57142857142857,3.75,1.75,5.25,2.25,4.5,5.75,4.16666666666667,2.75
20,6,1,3,4,7,1,2,"male",23,4,4,0,2,4,6,7,7,7,4,3.2,4.5,5.14285714285714,6.14285714285714,5,3.66666666666667,3.33333333333333,3.33333333333333,1.66666666666667,1.66666666666667,4.33333333333333,5,3.57142857142857,3.75,1.75,5.25,2.25,4.5,5.75,4.16666666666667,2.75
20,4,1,2,2,7,1,2,"male",23,4,4,0,2,4,4,6.33333333333333,5.33333333333333,1,1.5,3.2,4.5,5.14285714285714,6.14285714285714,5,3.66666666666667,3.33333333333333,3.33333333333333,1.66666666666667,1.66666666666667,4.33333333333333,5,3.57142857142857,3.75,1.75,5.25,2.25,4.5,5.75,4.16666666666667,2.75
20,5,7,2,2,7,1,2,"male",23,4,4,0,2,4,5,6.66666666666667,4,1,1,3.2,4.5,5.14285714285714,6.14285714285714,5,3.66666666666667,3.33333333333333,3.33333333333333,1.66666666666667,1.66666666666667,4.33333333333333,5,3.57142857142857,3.75,1.75,5.25,2.25,4.5,5.75,4.16666666666667,2.75
20,4.66666666666667,1,2,7,7,1,2,"male",23,4,4,0,2,4,4.66666666666667,7,4,1,2,3.2,4.5,5.14285714285714,6.14285714285714,5,3.66666666666667,3.33333333333333,3.33333333333333,1.66666666666667,1.66666666666667,4.33333333333333,5,3.57142857142857,3.75,1.75,5.25,2.25,4.5,5.75,4.16666666666667,2.75
20,6.66666666666667,1,7,5,7,1,2,"male",23,4,4,0,2,4,6.66666666666667,7,7,7,6,3.2,4.5,5.14285714285714,6.14285714285714,5,3.66666666666667,3.33333333333333,3.33333333333333,1.66666666666667,1.66666666666667,4.33333333333333,5,3.57142857142857,3.75,1.75,5.25,2.25,4.5,5.75,4.16666666666667,2.75
20,5,1,2,7,7,1,2,"male",23,4,4,0,2,4,5,4,2.33333333333333,1,1,3.2,4.5,5.14285714285714,6.14285714285714,5,3.66666666666667,3.33333333333333,3.33333333333333,1.66666666666667,1.66666666666667,4.33333333333333,5,3.57142857142857,3.75,1.75,5.25,2.25,4.5,5.75,4.16666666666667,2.75
20,7,1,7,7,7,1,2,"male",23,4,4,0,2,4,7,7,7,7,1,3.2,4.5,5.14285714285714,6.14285714285714,5,3.66666666666667,3.33333333333333,3.33333333333333,1.66666666666667,1.66666666666667,4.33333333333333,5,3.57142857142857,3.75,1.75,5.25,2.25,4.5,5.75,4.16666666666667,2.75
13,3,4,1,5,4,5,2.75,"female",32,3,6,1,5,7,3,1.66666666666667,2,1,4,4.8,2.75,5.85714285714286,6,2.42857142857143,2.66666666666667,3.33333333333333,3.33333333333333,3.33333333333333,1.66666666666667,4.66666666666667,4.15384615384615,5,4.5,3,5.5,2.75,6,5.75,3.33333333333333,3.5
13,6.66666666666667,6,7,6,4,5,2.75,"female",32,3,6,1,5,7,6.66666666666667,6,6,6.33333333333333,4,4.8,2.75,5.85714285714286,6,2.42857142857143,2.66666666666667,3.33333333333333,3.33333333333333,3.33333333333333,1.66666666666667,4.66666666666667,4.15384615384615,5,4.5,3,5.5,2.75,6,5.75,3.33333333333333,3.5
13,2,2,2,5,4,5,2.75,"female",32,3,6,1,5,7,2,1.66666666666667,2.66666666666667,1,4,4.8,2.75,5.85714285714286,6,2.42857142857143,2.66666666666667,3.33333333333333,3.33333333333333,3.33333333333333,1.66666666666667,4.66666666666667,4.15384615384615,5,4.5,3,5.5,2.75,6,5.75,3.33333333333333,3.5
13,6.33333333333333,6,7,6,4,5,2.75,"female",32,3,6,1,5,7,6.33333333333333,6,5.33333333333333,4,4,4.8,2.75,5.85714285714286,6,2.42857142857143,2.66666666666667,3.33333333333333,3.33333333333333,3.33333333333333,1.66666666666667,4.66666666666667,4.15384615384615,5,4.5,3,5.5,2.75,6,5.75,3.33333333333333,3.5
13,3,1,1,1,4,5,2.75,"female",32,3,6,1,5,7,3,6,6,6.33333333333333,5.5,4.8,2.75,5.85714285714286,6,2.42857142857143,2.66666666666667,3.33333333333333,3.33333333333333,3.33333333333333,1.66666666666667,4.66666666666667,4.15384615384615,5,4.5,3,5.5,2.75,6,5.75,3.33333333333333,3.5
13,6.33333333333333,6,7,5,4,5,2.75,"female",32,3,6,1,5,7,6.33333333333333,6,6,6.66666666666667,4,4.8,2.75,5.85714285714286,6,2.42857142857143,2.66666666666667,3.33333333333333,3.33333333333333,3.33333333333333,1.66666666666667,4.66666666666667,4.15384615384615,5,4.5,3,5.5,2.75,6,5.75,3.33333333333333,3.5
13,6.66666666666667,6,6,5,4,5,2.75,"female",32,3,6,1,5,7,6.66666666666667,6,6,6.66666666666667,4.5,4.8,2.75,5.85714285714286,6,2.42857142857143,2.66666666666667,3.33333333333333,3.33333333333333,3.33333333333333,1.66666666666667,4.66666666666667,4.15384615384615,5,4.5,3,5.5,2.75,6,5.75,3.33333333333333,3.5
13,3.66666666666667,2,1,5,4,5,2.75,"female",32,3,6,1,5,7,3.66666666666667,1.66666666666667,2,1,4,4.8,2.75,5.85714285714286,6,2.42857142857143,2.66666666666667,3.33333333333333,3.33333333333333,3.33333333333333,1.66666666666667,4.66666666666667,4.15384615384615,5,4.5,3,5.5,2.75,6,5.75,3.33333333333333,3.5
13,4,2,1,4,4,5,2.75,"female",32,3,6,1,5,7,4,3.66666666666667,2.33333333333333,1,4,4.8,2.75,5.85714285714286,6,2.42857142857143,2.66666666666667,3.33333333333333,3.33333333333333,3.33333333333333,1.66666666666667,4.66666666666667,4.15384615384615,5,4.5,3,5.5,2.75,6,5.75,3.33333333333333,3.5
13,6.33333333333333,6,6,6,4,5,2.75,"female",32,3,6,1,5,7,6.33333333333333,5.33333333333333,4,2,4,4.8,2.75,5.85714285714286,6,2.42857142857143,2.66666666666667,3.33333333333333,3.33333333333333,3.33333333333333,1.66666666666667,4.66666666666667,4.15384615384615,5,4.5,3,5.5,2.75,6,5.75,3.33333333333333,3.5
34,5.66666666666667,7,5,7,6,5,3.25,"female",36,4,6,1,2,4,5.66666666666667,4.33333333333333,4.66666666666667,1,1.5,6,2.75,5,5.57142857142857,5.14285714285714,4.33333333333333,4.33333333333333,4,4.66666666666667,4,5,4.23076923076923,4.42857142857143,4.5,5.25,5.75,5.25,4.75,5,5.66666666666667,3.75
34,2.33333333333333,1,2,2,2,5,3.25,"female",36,4,6,1,2,4,2.33333333333333,4.66666666666667,7,6.66666666666667,6,6,2.75,5,5.57142857142857,5.14285714285714,4.33333333333333,4.33333333333333,4,4.66666666666667,4,5,4.23076923076923,4.42857142857143,4.5,5.25,5.75,5.25,4.75,5,5.66666666666667,3.75
34,3.33333333333333,7,1,5,2,5,3.25,"female",36,4,6,1,2,4,3.33333333333333,5,6.33333333333333,5.33333333333333,7,6,2.75,5,5.57142857142857,5.14285714285714,4.33333333333333,4.33333333333333,4,4.66666666666667,4,5,4.23076923076923,4.42857142857143,4.5,5.25,5.75,5.25,4.75,5,5.66666666666667,3.75
34,7,4,3,6,7,5,3.25,"female",36,4,6,1,2,4,7,6.66666666666667,3,3.33333333333333,1.5,6,2.75,5,5.57142857142857,5.14285714285714,4.33333333333333,4.33333333333333,4,4.66666666666667,4,5,4.23076923076923,4.42857142857143,4.5,5.25,5.75,5.25,4.75,5,5.66666666666667,3.75
34,5.66666666666667,7,2,7,6,5,3.25,"female",36,4,6,1,2,4,5.66666666666667,6.33333333333333,5,2.66666666666667,2.5,6,2.75,5,5.57142857142857,5.14285714285714,4.33333333333333,4.33333333333333,4,4.66666666666667,4,5,4.23076923076923,4.42857142857143,4.5,5.25,5.75,5.25,4.75,5,5.66666666666667,3.75
34,3.33333333333333,5,1,7,6,5,3.25,"female",36,4,6,1,2,4,3.33333333333333,5.33333333333333,6.33333333333333,1.66666666666667,6,6,2.75,5,5.57142857142857,5.14285714285714,4.33333333333333,4.33333333333333,4,4.66666666666667,4,5,4.23076923076923,4.42857142857143,4.5,5.25,5.75,5.25,4.75,5,5.66666666666667,3.75
34,7,4,1,6,7,5,3.25,"female",36,4,6,1,2,4,7,6.33333333333333,3.33333333333333,3.66666666666667,1.5,6,2.75,5,5.57142857142857,5.14285714285714,4.33333333333333,4.33333333333333,4,4.66666666666667,4,5,4.23076923076923,4.42857142857143,4.5,5.25,5.75,5.25,4.75,5,5.66666666666667,3.75
34,5,5,2,4,6,5,3.25,"female",36,4,6,1,2,4,5,6,7,6.33333333333333,3,6,2.75,5,5.57142857142857,5.14285714285714,4.33333333333333,4.33333333333333,4,4.66666666666667,4,5,4.23076923076923,4.42857142857143,4.5,5.25,5.75,5.25,4.75,5,5.66666666666667,3.75
34,2,3,1,2,3,5,3.25,"female",36,4,6,1,2,4,2,3.66666666666667,2,1,5.5,6,2.75,5,5.57142857142857,5.14285714285714,4.33333333333333,4.33333333333333,4,4.66666666666667,4,5,4.23076923076923,4.42857142857143,4.5,5.25,5.75,5.25,4.75,5,5.66666666666667,3.75
34,4,2,2,6,6,5,3.25,"female",36,4,6,1,2,4,4,4.33333333333333,5,1.33333333333333,1.5,6,2.75,5,5.57142857142857,5.14285714285714,4.33333333333333,4.33333333333333,4,4.66666666666667,4,5,4.23076923076923,4.42857142857143,4.5,5.25,5.75,5.25,4.75,5,5.66666666666667,3.75
9,7,5,5,7,5,4,2.5,"female",70,3,6,1,5,7,7,7,7,7,1,4.2,3,6.14285714285714,6.42857142857143,2.42857142857143,4.33333333333333,4.66666666666667,4,2.33333333333333,2.66666666666667,2.66666666666667,5.76923076923077,5,6,3.5,6,4.5,6,6,4.16666666666667,1.25
9,7,5,5,6,6,4,2.5,"female",70,3,6,1,5,7,7,7,7,7,1,4.2,3,6.14285714285714,6.42857142857143,2.42857142857143,4.33333333333333,4.66666666666667,4,2.33333333333333,2.66666666666667,2.66666666666667,5.76923076923077,5,6,3.5,6,4.5,6,6,4.16666666666667,1.25
9,7,6,5,7,5,4,2.5,"female",70,3,6,1,5,7,7,7,7,7,1,4.2,3,6.14285714285714,6.42857142857143,2.42857142857143,4.33333333333333,4.66666666666667,4,2.33333333333333,2.66666666666667,2.66666666666667,5.76923076923077,5,6,3.5,6,4.5,6,6,4.16666666666667,1.25
9,6.33333333333333,4,3,5,4,4,2.5,"female",70,3,6,1,5,7,6.33333333333333,7,7,6.33333333333333,2,4.2,3,6.14285714285714,6.42857142857143,2.42857142857143,4.33333333333333,4.66666666666667,4,2.33333333333333,2.66666666666667,2.66666666666667,5.76923076923077,5,6,3.5,6,4.5,6,6,4.16666666666667,1.25
9,7,6,6,7,6,4,2.5,"female",70,3,6,1,5,7,7,7,7,7,2,4.2,3,6.14285714285714,6.42857142857143,2.42857142857143,4.33333333333333,4.66666666666667,4,2.33333333333333,2.66666666666667,2.66666666666667,5.76923076923077,5,6,3.5,6,4.5,6,6,4.16666666666667,1.25
9,4,7,1,7,6,4,2.5,"female",70,3,6,1,5,7,4,1,1,1,1,4.2,3,6.14285714285714,6.42857142857143,2.42857142857143,4.33333333333333,4.66666666666667,4,2.33333333333333,2.66666666666667,2.66666666666667,5.76923076923077,5,6,3.5,6,4.5,6,6,4.16666666666667,1.25
9,6,5,2,5,5,4,2.5,"female",70,3,6,1,5,7,6,7,5.33333333333333,2.33333333333333,3,4.2,3,6.14285714285714,6.42857142857143,2.42857142857143,4.33333333333333,4.66666666666667,4,2.33333333333333,2.66666666666667,2.66666666666667,5.76923076923077,5,6,3.5,6,4.5,6,6,4.16666666666667,1.25
9,5.66666666666667,2,1,2,7,4,2.5,"female",70,3,6,1,5,7,5.66666666666667,2,1.66666666666667,1,1,4.2,3,6.14285714285714,6.42857142857143,2.42857142857143,4.33333333333333,4.66666666666667,4,2.33333333333333,2.66666666666667,2.66666666666667,5.76923076923077,5,6,3.5,6,4.5,6,6,4.16666666666667,1.25
9,7,5,4,6,7,4,2.5,"female",70,3,6,1,5,7,7,7,5.66666666666667,4.66666666666667,2,4.2,3,6.14285714285714,6.42857142857143,2.42857142857143,4.33333333333333,4.66666666666667,4,2.33333333333333,2.66666666666667,2.66666666666667,5.76923076923077,5,6,3.5,6,4.5,6,6,4.16666666666667,1.25
9,6,4,2,5,6,4,2.5,"female",70,3,6,1,5,7,6,6.33333333333333,4.66666666666667,2.33333333333333,3,4.2,3,6.14285714285714,6.42857142857143,2.42857142857143,4.33333333333333,4.66666666666667,4,2.33333333333333,2.66666666666667,2.66666666666667,5.76923076923077,5,6,3.5,6,4.5,6,6,4.16666666666667,1.25
